cVeg,cSoil,cLitter,npp,rh,fFire,fLitterSoil,fVegSoil,fVegLitter,fLateral
510.16323157929014,1734.3876545491692,129.1623525520942,55.6717997250967,50.879436175568394,3.824121644160888,nan,nan,nan,nan
510.0591323012786,1734.3046444512975,128.9632743563699,54.82310935209665,50.6750105799643,3.8206654142489422,nan,nan,nan,nan
509.3322828343596,1734.5038833952979,128.42130313886065,53.67411991017859,50.05618573696453,3.965054889254732,nan,nan,nan,nan
510.29561211897357,1733.773335358941,128.7063425234796,56.2336788088931,51.52277684529415,3.50896677260279,nan,nan,nan,nan
510.823464261997,1733.6608004606567,129.37990038919685,56.03891523785425,50.44984299129311,3.727738297798246,nan,nan,nan,nan
510.7125478549376,1733.5300285042285,129.57512148140094,55.50741216654644,51.262998017467744,3.590919961011857,nan,nan,nan,nan
511.5160486945876,1733.013722778961,129.88412134636263,56.749375088000484,51.73184663444005,3.6592350119466586,nan,nan,nan,nan
511.41580543563947,1733.2256432923575,130.2700174126757,55.74312180918606,50.85688273640139,3.6321027302840605,nan,nan,nan,nan
511.1435648471555,1733.4923978381717,130.6948945238667,55.89943769807304,50.9327082344289,3.828686409998046,nan,nan,nan,nan
511.4314353277029,1733.6693557934102,130.72113305273945,55.976007356821285,50.911026578463776,3.810713540188497,nan,nan,nan,nan
511.4935361968879,1734.174598025309,131.01637146975187,56.39818871618331,50.986493707676786,3.7686166495505433,nan,nan,nan,nan
510.60163806650684,1734.5497188933855,130.69889121155097,54.77270175877143,51.06934595889272,3.7710085772423416,nan,nan,nan,nan
510.127152211962,1734.807060340148,129.99213277123815,54.24969039737988,50.44884277222299,3.9415605112438574,nan,nan,nan,nan
510.08385757608625,1734.7763884382096,129.60830948132886,54.51436479575241,50.48554466542965,3.7291307177243294,nan,nan,nan,nan
510.3430408997325,1734.622457192002,129.06191918671115,55.34762539667937,51.0814151272092,3.979121968912333,nan,nan,nan,nan
509.6039724479045,1734.932921392822,129.15632476087444,55.24244867936105,50.57038275217856,4.27826465132424,nan,nan,nan,nan
509.9417318775845,1734.556680965004,129.1291937123819,55.54375895617386,51.053683636714894,3.7756920036908563,nan,nan,nan,nan
510.32007003145196,1734.584118537424,129.40576543474785,55.655612423808996,50.177004248532214,3.987168726863775,nan,nan,nan,nan
509.9013840274492,1734.8839925242369,129.3545299701744,54.916006008165226,50.34921937423885,3.978216911873858,nan,nan,nan,nan
509.74032799107977,1734.5674289402775,129.06930033283294,55.089207104904894,51.27664513904941,3.8702419244657724,nan,nan,nan,nan
510.15630675704364,1734.337393528736,129.1040400335985,55.672879965943224,50.87493374615559,3.830400056584873,nan,nan,nan,nan
510.0649024105664,1734.2581306581544,128.90034154771328,54.85170632918018,50.69017894687835,3.8225909535852267,nan,nan,nan,nan
509.34613810231286,1734.4468341232973,128.3802957986845,53.69214366287156,50.07152007002783,3.9518504514855164,nan,nan,nan,nan
510.3531507897296,1733.722280033474,128.60797146249195,56.22336537210774,51.52035346898066,3.5089533403165296,nan,nan,nan,nan
510.8962324529513,1733.5966930166444,129.32584218008108,56.07138931895433,50.43447630300006,3.728632873340436,nan,nan,nan,nan
510.7826613238966,1733.46978064856,129.5224015372638,55.485603806979995,51.24687846417885,3.5834935742013556,nan,nan,nan,nan
511.5786553239108,1732.9684521489178,129.8651892594174,56.77770121860598,51.724353450455865,3.65414204741389,nan,nan,nan,nan
511.4916584196774,1733.1830667842023,130.26287255524585,55.79068487003208,50.88429522529941,3.6257223741023465,nan,nan,nan,nan
511.1913076961575,1733.4417351772718,130.70681251504212,55.8809656025955,50.93695864761947,3.822499630385833,nan,nan,nan,nan
511.4930381607354,1733.6163024426564,130.71259328364857,55.97384922566641,50.916889558665815,3.8114316477210273,nan,nan,nan,nan
511.5451322473954,1734.0965983229269,131.0237525190402,56.372241332110974,50.98302222980024,3.76624362759629,nan,nan,nan,nan
510.6289372565472,1734.4817179886995,130.71885875600532,54.75935211167666,51.05662192890424,3.770649627783077,nan,nan,nan,nan
510.10253165150624,1734.763791688563,130.03427060627834,54.22946368897499,50.43720802068195,3.939554574704536,nan,nan,nan,nan
510.0671474135789,1734.743696042515,129.6548045048667,54.55896414511276,50.509665524740335,3.7274566255705146,nan,nan,nan,nan
510.3164735628286,1734.5951503306849,129.1015228271805,55.35484052393653,51.101076520782854,3.979610281784748,nan,nan,nan,nan
509.5707285808113,1734.9075245679296,129.20332959606876,55.25504692859679,50.592498577256066,4.265074440255077,nan,nan,nan,nan
509.9643594238929,1734.5183284761358,129.14004613271982,55.57649962431528,51.081478064998564,3.7742240261848137,nan,nan,nan,nan
510.3271288727917,1734.5348308220712,129.42114459300777,55.62950865508286,50.17023366523725,3.988577183685346,nan,nan,nan,nan
509.8967223330334,1734.807344035917,129.39191288395187,54.9143367748596,50.36386999718218,3.9792495879617658,nan,nan,nan,nan
509.75904057990175,1734.4786087094635,129.0848534056568,55.10125514689278,51.30894251727719,3.859450447759141,nan,nan,nan,nan
510.17434343250636,1734.2390952585736,129.12221545261582,55.66036536861988,50.87119297884671,3.826566651754526,nan,nan,nan,nan
510.0471790703436,1734.147267946257,128.98481095072287,54.87066125585031,50.69984846312107,3.8133449074981396,nan,nan,nan,nan
509.2702060806451,1734.3379763629227,128.5003466239802,53.68015774486479,50.0738766527149,3.9569004680341813,nan,nan,nan,nan
510.2657717768035,1733.6403597090195,128.71186731073823,56.25293127775929,51.54751572712831,3.5112981203159,nan,nan,nan,nan
510.79450249951185,1733.5367255816354,129.39994485260888,56.06986556242467,50.45750123398649,3.72698248601587,nan,nan,nan,nan
510.70224021917784,1733.4387619404044,129.55516192647715,55.50919288899633,51.25956211584065,3.5850189628373106,nan,nan,nan,nan
511.4786650334377,1732.9389950636316,129.90821162518066,56.76727624380519,51.7200085669487,3.6571184859733696,nan,nan,nan,nan
511.42273422629114,1733.178636576138,130.2472015058723,55.785131693563805,50.87716643741149,3.6281988169112873,nan,nan,nan,nan
511.1765316869499,1733.443881221364,130.63629009329637,55.876608157955026,50.92510788025547,3.824677720777794,nan,nan,nan,nan
511.40176472928977,1733.6153184703765,130.73510372436442,55.98148180836869,50.90403787746269,3.818170880909228,nan,nan,nan,nan
511.462230613483,1734.12261284427,130.99591650555195,56.372102357145586,51.00234575638036,3.7625989838746485,nan,nan,nan,nan
510.55410260868274,1734.506510022818,130.67352115437967,54.754171984816956,51.068097193076916,3.764843944873165,nan,nan,nan,nan
509.9789080782245,1734.788474647599,130.03672715114874,54.23507007038698,50.44482616057997,3.938486707339654,nan,nan,nan,nan
509.9476735260997,1734.7721203828546,129.61191194318596,54.525396130627755,50.51526079765845,3.725793570361162,nan,nan,nan,nan
510.19695692357436,1734.6259088027414,129.06809497161703,55.37471153557021,51.10126193454392,3.9872468641271936,nan,nan,nan,nan
509.45674053572,1734.953052011081,129.15614978552838,55.26344254254951,50.583816667066024,4.276828458508952,nan,nan,nan,nan
509.85682735124,1734.5796846936423,129.09208515790212,55.60472696904724,51.09383450811639,3.7688655867444694,nan,nan,nan,nan
510.21703933455376,1734.592297176385,129.39290543535918,55.65380842402595,50.17722611191631,3.9931412260567893,nan,nan,nan,nan
509.80188190682424,1734.8770992993284,129.32289777609597,54.899317278952964,50.36006777749779,3.982318513363195,nan,nan,nan,nan
509.67037715112195,1734.548522769021,129.01331688646258,55.09693887610224,51.29419819880908,3.866815633265796,nan,nan,nan,nan
510.11013363049494,1734.287446133036,129.0165958297488,55.644174643044934,50.88899554733066,3.826181598590865,nan,nan,nan,nan
510.02134852270984,1734.1915755099149,128.81795067344893,54.839996854952666,50.69688433985615,3.813296062947468,nan,nan,nan,nan
509.2925595371212,1734.3646804311732,128.3299694976303,53.69549446627816,50.06765179743103,3.95049971068196,nan,nan,nan,nan
510.29529473349567,1733.6690736740522,128.58061556867122,56.281063521702094,51.52757068688495,3.510230685913462,nan,nan,nan,nan
510.77980197575926,1733.568748497177,129.35148479635163,56.09838612663536,50.451506541474984,3.7196323028668385,nan,nan,nan,nan
510.71063456200443,1733.4548829049854,129.49638756622002,55.52473943910029,51.282969122380386,3.5800814824910163,nan,nan,nan,nan
511.4750386599416,1732.9696301286217,129.84776149863788,56.7752003994559,51.726183939000606,3.658345097666251,nan,nan,nan,nan
511.3720356133285,1733.1847237538414,130.25886044362161,55.795864774853605,50.90017501540991,3.618396519561466,nan,nan,nan,nan
511.1096118226159,1733.4415604901528,130.64816630496227,55.88005472825414,50.95934168876368,3.8170570667051695,nan,nan,nan,nan
511.3213354335885,1733.615842445799,130.74273018798092,55.96985333345756,50.90363661846383,3.821219754253854,nan,nan,nan,nan
511.3744859393947,1734.1144064211007,131.03509404367517,56.400881350651154,51.02095639349508,3.754520188891923,nan,nan,nan,nan
510.5134104933141,1734.506053170968,130.65559543684876,54.77223528962698,51.09226801153099,3.7612109617484686,nan,nan,nan,nan
509.9540082844314,1734.755076785099,130.03842950332722,54.238429772700236,50.451206517432674,3.93502856103423,nan,nan,nan,nan
509.91036533583184,1734.7382168603974,129.6299786687109,54.53589350689622,50.5210043223613,3.72620142960304,nan,nan,nan,nan
510.13797234450556,1734.598837223808,129.11569927038698,55.389556996147654,51.1072880198627,3.9814923824014175,nan,nan,nan,nan
509.3897801141562,1734.9233314528542,129.18713470461253,55.25431632911946,50.592892079978334,4.284825777308827,nan,nan,nan,nan
509.7840120863445,1734.5535049052885,129.10637934875433,55.60216072612921,51.106989110449874,3.77105263425354,nan,nan,nan,nan
510.1572358499128,1734.5734360187755,129.3658674571415,55.628573082319186,50.174911716609294,3.9915861216864306,nan,nan,nan,nan
509.73299754242066,1734.8428234317776,129.32380382185718,54.900833558479704,50.36335698941814,3.977312319639396,nan,nan,nan,nan
509.6148680696144,1734.515679070652,129.01228658589469,55.095733212115064,51.286418624962536,3.8596918250727303,nan,nan,nan,nan
510.07746105149147,1734.2438467835123,129.0769083368983,55.71360980415254,50.892498506053045,3.8187923312090195,nan,nan,nan,nan
509.9606029828881,1734.1527263428968,128.9213008937386,54.84283645997232,50.67247387235676,3.821198699283452,nan,nan,nan,nan
509.2308613708193,1734.347279704694,128.41035000229306,53.690714554888444,50.07185840174463,3.9448865746356754,nan,nan,nan,nan
510.24661283358887,1733.6434641591584,128.6542169996535,56.2828579518311,51.544445526258144,3.5004756929341676,nan,nan,nan,nan
510.8001279779081,1733.5472762394643,129.33639521464153,56.09906121756438,50.459715350524064,3.727561835824249,nan,nan,nan,nan
510.69615816072536,1733.4382024088306,129.5345670165433,55.53375639785515,51.26578946531347,3.584286440257628,nan,nan,nan,nan
511.4804699606748,1732.9426360067469,129.86390531313285,56.766774895684776,51.7289351757684,3.6592763716989523,nan,nan,nan,nan
511.3885430534514,1733.195084570337,130.22153595220524,55.768760383890886,50.87198352510909,3.6224853105717574,nan,nan,nan,nan
511.11201535577334,1733.4699759654234,130.63205714736418,55.89561943124897,50.94430131219114,3.822334375438484,nan,nan,nan,nan
511.35340793399314,1733.6428663528895,130.70390732321306,55.97916214509242,50.91655332303264,3.8121529169937065,nan,nan,nan,nan
511.47163473575336,1734.129685323944,130.96131781968586,56.42231536070822,51.01863159143726,3.7598659790829503,nan,nan,nan,nan
510.59581939393934,1734.5206157296955,130.6524060943678,54.81821779667585,51.084343004184134,3.758461772655308,nan,nan,nan,nan
510.0642087331198,1734.7957524861572,129.97693323857237,54.22914231559759,50.43980945174046,3.939085577116635,nan,nan,nan,nan
510.07008686807535,1734.7556235057132,129.56438645906618,54.542688297845295,50.51270155873758,3.7199077101994233,nan,nan,nan,nan
510.321145547094,1734.604673017926,129.03745500625644,55.375251600721036,51.09512194375626,3.9816494483019103,nan,nan,nan,nan
509.59547228028913,1734.908555151113,129.1154053118893,55.238708547242496,50.579738874345665,4.274902789692175,nan,nan,nan,nan
509.9334680930402,1734.5225427199039,129.0825004620549,55.551146744713186,51.078756756060415,3.7740376416971366,nan,nan,nan,nan
510.240361439415,1734.523658723617,129.41847544540346,55.61862364812987,50.180348619935266,3.985708159458724,nan,nan,nan,nan
509.83534196674464,1734.7827736686274,129.3665878950387,54.915940515084756,50.378906959350935,3.9778799561786276,nan,nan,nan,nan
509.6789599496429,1734.460021584544,129.07606620209302,55.1044169700012,51.30397591403873,3.8635242269636314,nan,nan,nan,nan
510.13860306986396,1734.19943968777,129.0852241057211,55.66588696221037,50.88139145911611,3.8286213045711968,nan,nan,nan,nan
510.0069923761806,1734.098205239984,128.9493686252655,54.85104784184606,50.68700803666031,3.817628380137029,nan,nan,nan,nan
509.30304383743476,1734.2919452500475,128.38078696827066,53.658700239504796,50.06709131187054,3.948799447398359,nan,nan,nan,nan
510.308192087369,1733.581882053106,128.61933231454924,56.24811135246183,51.52228769578149,3.508321977900543,nan,nan,nan,nan
510.90250151153276,1733.4590159611807,129.3091352676027,56.10271865465417,50.447984753072646,3.7191696353432695,nan,nan,nan,nan
510.7555680459265,1733.3364103942358,129.51986569462943,55.472219538136684,51.24283728262141,3.5884158005653477,nan,nan,nan,nan
511.4795387142324,1732.8374536711135,129.91093196316666,56.75420263288953,51.722982385913454,3.6542339278365654,nan,nan,nan,nan
511.43551393922036,1733.050994472331,130.25243811417903,55.77479891746593,50.886017253689424,3.6202594432050703,nan,nan,nan,nan
511.16791109098756,1733.3220102842395,130.62922057117532,55.85318043972635,50.931150790500816,3.8223286995273895,nan,nan,nan,nan
511.37891305366185,1733.4826025274485,130.76003916735652,55.987250635137194,50.90771335511414,3.812319287701035,nan,nan,nan,nan
511.4642031385677,1733.9872627462805,131.0196203932357,56.40722637075248,51.01387074342729,3.7628310644158947,nan,nan,nan,nan
510.57885729715224,1734.3794126447326,130.66263763657844,54.7494174639989,51.06040349982835,3.770696298979806,nan,nan,nan,nan
510.0931893789767,1734.644881108656,129.96542421477926,54.243260811273004,50.44799335979056,3.930184890005397,nan,nan,nan,nan
510.05703143297416,1734.608232909327,129.6087852960051,54.5494660896146,50.499997555183946,3.721948667400468,nan,nan,nan,nan
510.2785051895688,1734.4485794581033,129.1177444509183,55.36607799549574,51.08765145697409,3.980708040173113,nan,nan,nan,nan
509.5371696762471,1734.756701604243,129.2014066511703,55.253319357384534,50.59233869200491,4.281968779200783,nan,nan,nan,nan
509.89150036681747,1734.373890915417,129.1422911708271,55.551617826667915,51.08033172822739,3.7782732568886845,nan,nan,nan,nan
510.2626302993945,1734.3863500005004,129.39929161214923,55.60430728017797,50.17263120664247,3.980005909152027,nan,nan,nan,nan
509.77365625819897,1734.65011389786,129.4138297942049,54.874699514363286,50.34920365227035,3.979141887871195,nan,nan,nan,nan
509.66593308465184,1734.3212154413934,129.05940197343983,55.08362306731497,51.3040947583034,3.8644329000747164,nan,nan,nan,nan
510.08217755393554,1734.0528985153087,129.15175384299974,55.68025446351051,50.86671540102258,3.8263715088244314,nan,nan,nan,nan
509.99160059537286,1733.9755013439215,128.98255889512322,54.890263922953444,50.6981774546001,3.815507396246832,nan,nan,nan,nan
509.26329474218,1734.183521660744,128.47512401336468,53.72266358987983,50.081019153237584,3.94793042201801,nan,nan,nan,nan
510.26947252946667,1733.467641784687,128.70544839856586,56.25644594232751,51.54157946263949,3.5090255973681597,nan,nan,nan,nan
510.8186343796828,1733.348403308382,129.40375862757526,56.08022799242961,50.451564674988354,3.7264098278465285,nan,nan,nan,nan
510.69102194841963,1733.238968990957,129.61322958303927,55.53217737062374,51.27200372757299,3.5889735617076184,nan,nan,nan,nan
511.436739951189,1732.7329588081298,129.97662177835457,56.76759561074286,51.74682274631191,3.6559294765999484,nan,nan,nan,nan
511.35625336488226,1732.9769793914224,130.31090469379288,55.772812262498356,50.891203596127845,3.627606592495932,nan,nan,nan,nan
511.07557805597685,1733.279218408815,130.69786474775407,55.89659047544336,50.94862018729577,3.819907171684149,nan,nan,nan,nan
511.3532236903411,1733.459442248146,130.7465559071472,55.99990450502817,50.91296124530875,3.8158846872851013,nan,nan,nan,nan
511.4295721497868,1733.9813424199979,131.00474077489855,56.40437589205037,51.004279069292295,3.762961453635542,nan,nan,nan,nan
510.4971690679796,1734.3557532816699,130.73088883358142,54.78067756936227,51.074366108465135,3.770643569433389,nan,nan,nan,nan
509.9939896793374,1734.603092291964,130.06322116763877,54.26264866438315,50.47332249903874,3.9319545204478135,nan,nan,nan,nan
509.92417800178976,1734.5713384278822,129.70905861509607,54.54937040646418,50.52514995771581,3.7223914173681614,nan,nan,nan,nan
510.14645338864386,1734.4271618591695,129.17367581947596,55.3894258688177,51.13764918690571,3.9812448748163467,nan,nan,nan,nan
509.42791796087573,1734.754072361435,129.23488928621396,55.28940418566082,50.618455433961294,4.27275512949414,nan,nan,nan,nan
509.77711338400917,1734.3730953699026,129.18551394569258,55.57973282191201,51.10701727797396,3.772478973104026,nan,nan,nan,nan
510.07751680883484,1734.382537011183,129.50241500032007,55.618540111785606,50.19033907780125,3.9913373302501776,nan,nan,nan,nan
509.6307514816592,1734.6377971993325,129.44302074542446,54.88425310555314,50.40573362340116,3.972710942994703,nan,nan,nan,nan
509.53823691789023,1734.3108963270663,129.06025146659653,55.07495947423365,51.31438649514812,3.8580856064595275,nan,nan,nan,nan
509.97873507998645,1734.0286793176524,129.1120218984661,55.6503170792737,50.86945590871086,3.824733059467742,nan,nan,nan,nan
509.8786840036009,1733.9584409024194,128.93510176652708,54.85819917171666,50.67555102233517,3.814884746913484,nan,nan,nan,nan
509.1167318014486,1734.1697131279166,128.43653254182075,53.6914930812762,50.06207576108099,3.9574058326247994,nan,nan,nan,nan
510.09412852224153,1733.483130121914,128.68152311736029,56.25782285418259,51.533604611544376,3.505295706913955,nan,nan,nan,nan
510.6790514488945,1733.3741218823434,129.3484898521987,56.11458203943943,50.48317118392128,3.7168074478113056,nan,nan,nan,nan
510.5822552387675,1733.2540821347015,129.52092950496842,55.50767445507049,51.27069096716522,3.5813014934262033,nan,nan,nan,nan
511.4177826203617,1732.750293560756,129.82551352950767,56.78441943146914,51.73994858030155,3.648049410490371,nan,nan,nan,nan
511.357937740634,1732.9701669502558,130.2251422935742,55.81831638617106,50.8844656047499,3.616863025201592,nan,nan,nan,nan
511.06885095389976,1733.247767900086,130.6646793640842,55.9108246494886,50.94450396608836,3.8181802138063965,nan,nan,nan,nan
511.3350163259911,1733.432415890125,130.7117135903425,55.99573986395036,50.92880080779069,3.802982712311564,nan,nan,nan,nan
511.40943624876735,1733.9386658172002,131.00033391231023,56.42047214228724,51.013457819189846,3.756439085724423,nan,nan,nan,nan
510.47348639712885,1734.304836452769,130.71717827549526,54.766488593902494,51.08343281780437,3.766441654499649,nan,nan,nan,nan
509.98142456992156,1734.562146271092,130.00299105119214,54.245402086444834,50.47144172762401,3.9400633742697435,nan,nan,nan,nan
509.95514453964773,1734.5193004991054,129.62189751632474,54.554126882522645,50.52159037116688,3.723591639107389,nan,nan,nan,nan
510.20023697661895,1734.3455681314294,129.08821802075812,55.338172822174606,51.09169887325788,3.98091080842152,nan,nan,nan,nan
509.46859037756826,1734.6511916479724,129.16617036329387,55.245557507388945,50.585918948737756,4.278338155005283,nan,nan,nan,nan
509.85849956861927,1734.248532462196,129.10809457296156,55.558031525371256,51.08486706170403,3.7641810996935,nan,nan,nan,nan
510.2483343466832,1734.230707574913,129.39200737338692,55.621766180613946,50.17142564318315,3.9838104424106913,nan,nan,nan,nan
509.82304890584453,1734.492073872561,129.37856913861722,54.902627968942255,50.342711622806014,3.97815024105749,nan,nan,nan,nan
509.70561277998263,1734.1583630182806,129.0615641645596,55.0916904231217,51.294788463597385,3.8583909203214826,nan,nan,nan,nan
510.16165646018237,1733.8702965633724,129.10877978957924,55.655117564297925,50.86567524249187,3.8265595277463276,nan,nan,nan,nan
510.09552380718424,1733.7798469142529,128.9023424520918,54.84163968978992,50.67821422205263,3.8124638956705543,nan,nan,nan,nan
509.3406475630759,1733.9635521757114,128.4231811863767,53.675392378348356,50.043870343340835,3.9603146754937133,nan,nan,nan,nan
510.3100631236929,1733.272282065426,128.67949179408595,56.258586995951426,51.52719560324995,3.5115798536423304,nan,nan,nan,nan
510.8655502207124,1733.1502979032289,129.35774346188032,56.0685143809444,50.45334606685625,3.729400903323066,nan,nan,nan,nan
510.75327856119,1733.0301747905705,129.55408902429977,55.51739262780627,51.260759606713926,3.591174939613711,nan,nan,nan,nan
511.50077824071536,1732.5432641180269,129.91810702270485,56.77192826575423,51.72844960989423,3.6558317194303624,nan,nan,nan,nan
511.4577592807869,1732.759266215514,130.2576261395596,55.77958772580315,50.887148377555825,3.621799641559183,nan,nan,nan,nan
511.16938817400495,1733.0222365258314,130.67227537062803,55.8730615223116,50.93943630747296,3.823966674861628,nan,nan,nan,nan
511.4355672911744,1733.1831260239103,130.7181431890652,55.95395419235244,50.9080368729215,3.807310846097778,nan,nan,nan,nan
511.50028081914974,1733.6738346842767,130.99828080767412,56.36033025244867,50.98842242650454,3.7568700559477866,nan,nan,nan,nan
510.63442376281705,1734.025494235095,130.70639862787888,54.808227805677575,51.08477778718499,3.761204895468759,nan,nan,nan,nan
510.0963429816825,1734.289646461265,130.05282093667105,54.238565911264814,50.44856904586786,3.935268354241513,nan,nan,nan,nan
510.07726505896807,1734.25191500372,129.64325221036265,54.515303936763964,50.498704277385855,3.725004471970056,nan,nan,nan,nan
510.3499331067116,1734.0840991292905,129.09949585839576,55.35052080027043,51.08165204213916,3.980487941471761,nan,nan,nan,nan
509.614215205655,1734.382245209557,129.20840344773654,55.24556616932547,50.56501551760036,4.280333768844344,nan,nan,nan,nan
509.9740230444814,1733.9786846961274,129.19242198946748,55.55732936677957,51.066737975380924,3.7701602321838665,nan,nan,nan,nan
510.3296656312415,1733.979920970855,129.49740951951384,55.62756853799598,50.16579048209323,3.989942784053277,nan,nan,nan,nan
509.9112993323926,1734.2443694024498,129.44881533463007,54.89663766502592,50.36120524596481,3.9810521920416946,nan,nan,nan,nan
509.76626755109174,1733.9176120653099,129.13813698480035,55.07861265019765,51.29089071223977,3.8649801085275732,nan,nan,nan,nan
510.1956209588595,1733.6540962589945,129.17288074517953,55.6388465383076,50.86316216513258,3.829049947447554,nan,nan,nan,nan
510.13050878965817,1733.5769724866911,128.92396066915944,54.83455614529512,50.68793677935861,3.8241466261247843,nan,nan,nan,nan
509.4241918572785,1733.7643572526765,128.4055300042243,53.68089602854783,50.04618791079503,3.9504264270174714,nan,nan,nan,nan
510.4318122031596,1733.0597206751945,128.66083056507335,56.25857752730578,51.50653147536713,3.507603746873467,nan,nan,nan,nan
510.9784286885355,1732.9468715442179,129.36468050166695,56.07602020477927,50.435039160563775,3.7299532207469785,nan,nan,nan,nan
510.87386715571023,1732.813852865089,129.5799438647082,55.50132546990386,51.23963147096634,3.5844365210784934,nan,nan,nan,nan
511.612892201937,1732.3141632472755,129.9451135585435,56.7397844638737,51.71283101526649,3.661769206629319,nan,nan,nan,nan
511.5435143189654,1732.518620001258,130.31430756785892,55.75743379841911,50.882234107308996,3.6158770920780987,nan,nan,nan,nan
511.2435477236642,1732.7762399697133,130.73416235829808,55.85413898793102,50.9369789584808,3.819541822729501,nan,nan,nan,nan
511.5350931103786,1732.9448037753587,130.76188825979546,55.95928242279548,50.90227997840431,3.805742648808129,nan,nan,nan,nan
511.58011672736126,1733.4447042899546,131.05388649344104,56.35779187250702,50.98002189906713,3.76053163900798,nan,nan,nan,nan
510.66398916701974,1733.8368653812095,130.74422268192382,54.76677358549376,51.06654674119855,3.767019824220726,nan,nan,nan,nan
510.1717584656313,1734.101266093036,130.05536570075756,54.25716273088004,50.45705975356715,3.9338520474321848,nan,nan,nan,nan
510.117758718695,1734.0776181628019,129.69458577493378,54.54039304351836,50.495084936190786,3.7260616581619965,nan,nan,nan,nan
510.34920234526226,1733.9313177493596,129.1841737532919,55.3809119730878,51.10035120920515,3.9786259142314693,nan,nan,nan,nan
509.6022492252976,1734.2484877881652,129.24815418485755,55.222422036962165,50.571910903710084,4.288746739831857,nan,nan,nan,nan
509.99411219035625,1733.870783460356,129.1553535426268,55.56663101935877,51.09321371422332,3.7695124780262894,nan,nan,nan,nan
510.3904929373823,1733.8755108327064,129.42004318687702,55.62521942016413,50.16293291474085,3.9870125991398373,nan,nan,nan,nan
509.9150914148383,1734.1470639271756,129.44330272010708,54.90046136888885,50.34095561125306,3.9809748657395603,nan,nan,nan,nan
509.78279866368587,1733.8169988887555,129.13647677318124,55.10282914470777,51.29781848006227,3.8685900560859494,nan,nan,nan,nan
510.19108833773123,1733.5473196571945,129.2142904073516,55.656871022283376,50.86620468943633,3.826070507868239,nan,nan,nan,nan
510.06031886777004,1733.4866438125553,129.02282778417683,54.83356672330217,50.68446277354647,3.8187228040859815,nan,nan,nan,nan
509.31050071064635,1733.6823708687139,128.50265873914626,53.66942149348046,50.07201267962632,3.9529875047905185,nan,nan,nan,nan
510.2706745667773,1733.000723222925,128.7460679102676,56.242162818706895,51.52080941472632,3.514716172839679,nan,nan,nan,nan
510.8468430154615,1732.8997792419857,129.4353093468563,56.11541614799792,50.456840191403806,3.7219120693299907,nan,nan,nan,nan
510.7464028543065,1732.803551409435,129.60665801767846,55.520074779729605,51.25482355416237,3.590443773054411,nan,nan,nan,nan
511.5331936353939,1732.309988352767,129.9368441158615,56.76379975505236,51.721989968776036,3.6578193138669137,nan,nan,nan,nan
511.43589474221505,1732.545056686763,130.32722266636478,55.78731687861547,50.878839404847085,3.6244649700514033,nan,nan,nan,nan
511.13821489620454,1732.8162964452144,130.73573513526253,55.876164570364,50.950247483606994,3.8241948182302097,nan,nan,nan,nan
511.3864045384206,1732.9965632615626,130.781002221397,55.95665069980853,50.907744525510694,3.8118078934287394,nan,nan,nan,nan
511.534367019752,1733.4900001683675,130.9865942553421,56.39684568118396,51.01041831225797,3.7586479222797453,nan,nan,nan,nan
510.62570174706985,1733.8686323100185,130.70828020012536,54.786520628054575,51.06036438146895,3.765401976484624,nan,nan,nan,nan
510.1227444518871,1734.1314386054225,130.04260359149202,54.26286981481445,50.46362385008235,3.9231739746804486,nan,nan,nan,nan
510.1093861648363,1734.091742764748,129.64035887102466,54.53148408282389,50.51193143336157,3.717591078351519,nan,nan,nan,nan
510.33729326190934,1733.925619711542,129.13797429981335,55.36244877467745,51.091850136013775,3.9838097309428315,nan,nan,nan,nan
509.60583078874487,1734.2440112721742,129.21150074601957,55.252715735240244,50.58821190144711,4.275904507495517,nan,nan,nan,nan
509.92083267653584,1733.8599417265677,129.1932245101322,55.54880762310175,51.07745388922526,3.7782209397357627,nan,nan,nan,nan
510.31658598171674,1733.8605026118535,129.460422557833,55.64154855908906,50.187547061543974,3.980820390540965,nan,nan,nan,nan
509.87525154817763,1734.1207439287145,129.43409017825925,54.88446612968477,50.340896438126734,3.994073714977821,nan,nan,nan,nan
509.7027480496286,1733.8084342241054,129.11692484297836,55.05811460100483,51.27761131721901,3.87660779200776,nan,nan,nan,nan
510.14514065496417,1733.538981839607,129.19058951234416,55.68160500625661,50.87628345207936,3.812364735344431,nan,nan,nan,nan
510.0062691015541,1733.444166995162,129.04950215058867,54.84793143286228,50.69310341452204,3.815185526475108,nan,nan,nan,nan
509.2647607004416,1733.6694652290782,128.48169764299556,53.665434837350425,50.0759715971313,3.9524468588677317,nan,nan,nan,nan
510.2457522771866,1732.9740691126499,128.7336444177502,56.26126736793555,51.528883594775444,3.510062794481031,nan,nan,nan,nan
510.8044232121743,1732.8806005009194,129.42684683647576,56.10252613636828,50.444371175966474,3.72652793704349,nan,nan,nan,nan
510.7197697129141,1732.7871990471317,129.61144534010273,55.5601892513324,51.264840928882435,3.5894664743094897,nan,nan,nan,nan
511.52250543030834,1732.295725883539,129.9293039251524,56.77606578808452,51.72430724275364,3.6618466486653385,nan,nan,nan,nan
511.4470471473684,1732.528806369025,130.329840162557,55.82592120746697,50.89532872557238,3.616938880634878,nan,nan,nan,nan
511.1626303904102,1732.7934863366959,130.73019983996295,55.86975474275142,50.94295561489114,3.826230581662856,nan,nan,nan,nan
511.43428231683635,1732.9442037202275,130.78785575194755,55.96793552199937,50.91615631678353,3.807115054284104,nan,nan,nan,nan
511.5007416669287,1733.4350768570464,131.07452654326678,56.39611355925583,51.007738757964276,3.763473033006908,nan,nan,nan,nan
510.56484789287737,1733.8192238042318,130.77923779443483,54.76281491767527,51.07692534955366,3.7661494669428377,nan,nan,nan,nan
510.0238512051366,1734.0952694717619,130.11181121926896,54.25156331918055,50.47134785603445,3.930814974792514,nan,nan,nan,nan
509.9896132043778,1734.0778840459395,129.68698517294695,54.524113527278544,50.51257193167221,3.730069883053451,nan,nan,nan,nan
510.22026809244255,1733.9341834622116,129.15330153659443,55.36152325345551,51.09866292040948,3.983326295092313,nan,nan,nan,nan
509.4313979025362,1734.2697072285212,129.2438149583356,55.23543050637835,50.58387094233196,4.285097603405795,nan,nan,nan,nan
509.7933900196928,1733.8825899103044,129.1678622889597,55.551466818230686,51.09767539281958,3.774231275371913,nan,nan,nan,nan
510.15203809274476,1733.8803722409898,129.4642986221669,55.622213988151046,50.17872264273297,3.98097314564711,nan,nan,nan,nan
509.73758081427724,1734.1467056155066,129.4018058238777,54.8865977374748,50.358768684544444,3.9809751327418024,nan,nan,nan,nan
509.571725125132,1733.8168171764926,129.1293834968436,55.094701577545166,51.300667073756706,3.8572126120311743,nan,nan,nan,nan
510.04419261743936,1733.5641720763972,129.1364420747755,55.6903535806104,50.890424845952026,3.8254181084425047,nan,nan,nan,nan
509.9476138374624,1733.4876239060902,128.96079728810594,54.873418206051554,50.69818267829847,3.8099701849676433,nan,nan,nan,nan
509.1795291132911,1733.7106642188596,128.44577526038563,53.684748017281734,50.06905714126385,3.9550782862832743,nan,nan,nan,nan
510.1421068039545,1733.01923290835,128.71622100382294,56.278857376128876,51.5429125830119,3.510357359528717,nan,nan,nan,nan
510.717639527107,1732.9371155614076,129.3701801353776,56.12577780504196,50.47721437976854,3.7271290873287457,nan,nan,nan,nan
510.61883331003287,1732.8410815687664,129.5162410495957,55.49639005535437,51.25230411865668,3.592135708450494,nan,nan,nan,nan
511.4037961655115,1732.3430306744995,129.88227488445202,56.808402022986606,51.74372386781127,3.6496827333111233,nan,nan,nan,nan
511.36011765222145,1732.557673222645,130.23368362673804,55.79783997778331,50.89937044800625,3.6188380597042396,nan,nan,nan,nan
511.06833812747124,1732.807533786352,130.67113775797677,55.884860230800236,50.95303155543321,3.8174079919427375,nan,nan,nan,nan
511.34509520683963,1732.988803840195,130.7090743217798,55.974164717237805,50.91109612476344,3.8027793219204806,nan,nan,nan,nan
511.4283668700816,1733.4784307213033,131.00159893121895,56.40394238328271,50.999982972603746,3.757344079407375,nan,nan,nan,nan
510.58216978478936,1733.8305054073196,130.69336553366412,54.79412652522237,51.074749897838586,3.7539484250395807,nan,nan,nan,nan
510.0670956998296,1734.0933813126915,130.0189762854471,54.230129845723525,50.43459565775227,3.9399750658677375,nan,nan,nan,nan
510.0539557232477,1734.0537596935899,129.63487883203243,54.540007909020034,50.49079307677692,3.727900489195797,nan,nan,nan,nan
510.34709563165353,1733.8779457414857,129.07043962644894,55.356286589505814,51.092998024433705,3.9820639410373238,nan,nan,nan,nan
509.5685833457147,1734.1660668930215,129.22100664912338,55.22191902371036,50.55440855166627,4.278766490258157,nan,nan,nan,nan
509.9503373271546,1733.7761334242034,129.14777232329502,55.558165176361115,51.0935049900012,3.7647764887973327,nan,nan,nan,nan
510.3330598587169,1733.7774492617482,129.4212276373359,55.611982226979386,50.1559989899077,3.988102880041155,nan,nan,nan,nan
509.8501707216889,1734.053361144587,129.43437374314382,54.883168084146035,50.336517298970335,3.9839322945158844,nan,nan,nan,nan
509.73313274473026,1733.7181104130505,129.08454845785027,55.06435869308919,51.29742432086737,3.8632639081639195,nan,nan,nan,nan
510.17439724585074,1733.457368113075,129.13627279666312,55.675630212556925,50.86690616308831,3.829679453418101,nan,nan,nan,nan
510.05959506989416,1733.3787698519366,128.96714144060735,54.853586505225756,50.68561476152766,3.8169099871621026,nan,nan,nan,nan
509.3285982027859,1733.5586071179957,128.4536641861734,53.676244492741276,50.07093317904066,3.948223180108812,nan,nan,nan,nan
510.3200530304677,1732.8554919401931,128.69372058713847,56.26402882794123,51.541041376603445,3.510517297228473,nan,nan,nan,nan
510.86645682836036,1732.7332816309322,129.3921793124214,56.073951020086454,50.45322804216728,3.7247424180300404,nan,nan,nan,nan
510.7625256756966,1732.6105202877734,129.58386646812502,55.501581193705626,51.25139306773421,3.584579497648152,nan,nan,nan,nan
511.53922416981396,1732.0914998125816,129.94308994454764,56.749168867517575,51.7199438878658,3.6515427807671803,nan,nan,nan,nan
511.44691892020376,1732.3217482877983,130.33061491465764,55.785808347704375,50.883644426953865,3.6194111702074356,nan,nan,nan,nan
511.1674888937241,1732.598373606759,130.72252479055757,55.86208268198893,50.93257329549807,3.8202695731313177,nan,nan,nan,nan
511.3798446755565,1732.7602756623269,130.8213503584857,55.94599816488688,50.897633999758376,3.8133558434517028,nan,nan,nan,nan
511.38047509627813,1733.2680793699722,131.12585197078567,56.36584321773362,51.00309140345886,3.76827761964658,nan,nan,nan,nan
510.49432322535614,1733.6631375433924,130.80059168741764,54.82455786983974,51.1146992583728,3.7587828491667743,nan,nan,nan,nan
509.99430431706406,1733.936761487488,130.0827906858396,54.248567411416644,50.47654679523181,3.9340052017165292,nan,nan,nan,nan
509.9362304917012,1733.9239535516995,129.6858228856122,54.52998002709304,50.5144785909558,3.7274648911570702,nan,nan,nan,nan
510.1977890666461,1733.7816209247164,129.13167611237103,55.377086514593245,51.10776888597751,3.977953253737514,nan,nan,nan,nan
509.4433149580293,1734.126144419992,129.22587049950207,55.26797180590471,50.57838161214472,4.276028033880929,nan,nan,nan,nan
509.79839022477216,1733.7726612174724,129.13667871742007,55.54979047129858,51.081419146101624,3.7749304844734954,nan,nan,nan,nan
510.13704667219326,1733.789459140324,129.4668930345078,55.6565342894027,50.175770417019834,3.9856208479362074,nan,nan,nan,nan
509.68685220312636,1734.0635194357867,129.4309756873896,54.904412482694845,50.380245888271546,3.9792129122288165,nan,nan,nan,nan
509.55462025560763,1733.7433445400725,129.06717454983087,55.0611213241663,51.302933064812805,3.8689035699639653,nan,nan,nan,nan
510.0061527031093,1733.4811110599524,129.1024992805873,55.670380822232715,50.87586282067923,3.8239338025315592,nan,nan,nan,nan
509.91968548012824,1733.400945004348,128.91304877190632,54.840691175622304,50.669062755922624,3.815793357133514,nan,nan,nan,nan
509.20375667849544,1733.591852741032,128.40553298271246,53.688846354494004,50.058350797500445,3.940974857810867,nan,nan,nan,nan
510.18957127664834,1732.9020864220342,128.64965076330796,56.26659220078687,51.53112455646213,3.510167340199029,nan,nan,nan,nan
510.74462984435604,1732.78420701643,129.36947374589846,56.11228290484026,50.461471069069404,3.7216870561566755,nan,nan,nan,nan
510.6504473115621,1732.669956745624,129.5591248403533,55.52740088832724,51.258238513008415,3.586878574752745,nan,nan,nan,nan
511.38859166636234,1732.197877544108,129.9268169962639,56.78412339622136,51.72991343922301,3.6597653506264356,nan,nan,nan,nan
511.29954507239535,1732.449403239092,130.25498978396726,55.764729790943576,50.896987020305154,3.62116673166241,nan,nan,nan,nan
511.04563544533397,1732.7115791215608,130.64442935745024,55.88478705456145,50.9484601050319,3.819650152602124,nan,nan,nan,nan
511.33874300558153,1732.8842505044731,130.7057763924827,56.01016654641032,50.91539525015474,3.8033929378499294,nan,nan,nan,nan
511.4558344917024,1733.3750974568927,130.96544580254607,56.4100024344953,51.00273960381227,3.7577958911795366,nan,nan,nan,nan
510.5246980790024,1733.745831939174,130.71279394632595,54.78289195744398,51.063246391269914,3.765272032451896,nan,nan,nan,nan
509.9707814732615,1733.9857411053245,130.06523837379413,54.21657688295801,50.46280663186149,3.934038805663004,nan,nan,nan,nan
509.9413801970091,1733.9503473910072,129.6634813633831,54.53773994339042,50.52576734691649,3.721767384537507,nan,nan,nan,nan
510.19011623364804,1733.7943843367234,129.10500199530378,55.34241109824091,51.09347429083544,3.9867667573516066,nan,nan,nan,nan
509.42178384503205,1734.1121117511605,129.2068992630928,55.2296198938315,50.57156813104243,4.278320927745318,nan,nan,nan,nan
509.82705089842653,1733.7336293067563,129.12466627344543,55.55785112408042,51.06770918709544,3.766760548060893,nan,nan,nan,nan
510.1928708214564,1733.753627759733,129.42290536459961,55.63863281432612,50.15700243656315,3.9870109609244833,nan,nan,nan,nan
509.7949336671869,1734.0523193434733,129.35443965970632,54.91404456416331,50.344175005244395,3.9789690344138964,nan,nan,nan,nan
509.6489151460483,1733.7298850745435,129.07430239303494,55.08118467609942,51.26142692719419,3.863383715242378,nan,nan,nan,nan
510.0783662334574,1733.454125412296,129.12650160597087,55.664678492266724,50.88457707446416,3.827977472314144,nan,nan,nan,nan
509.96290701172654,1733.3593162892964,128.97911770168503,54.8495613659048,50.68535095652835,3.8101256586125882,nan,nan,nan,nan
509.24725645048386,1733.5490042817726,128.4320622173909,53.66783952381943,50.06022403734459,3.9598995483285706,nan,nan,nan,nan
510.2538149418025,1732.7983858409223,128.73127620703636,56.28072500578257,51.533830807944355,3.5074358507637027,nan,nan,nan,nan
510.78252191564354,1732.6881106399649,129.43185759425182,56.06458548167741,50.442066382726956,3.7295189343739135,nan,nan,nan,nan
510.6472147764847,1732.5703773757125,129.62768837483952,55.48512003494467,51.25318669985905,3.589405252241006,nan,nan,nan,nan
511.39389549026714,1732.0771603121423,129.9850801722767,56.76320406857233,51.73119565602106,3.6603532476659417,nan,nan,nan,nan
511.3064042182731,1732.292904636028,130.35700419809072,55.76869478409021,50.891865304678205,3.6205790437171355,nan,nan,nan,nan
511.0283725764247,1732.5641226114644,130.7371724748755,55.84325125102029,50.9249791367607,3.824733286873938,nan,nan,nan,nan
511.3757518134601,1732.7058725176169,130.75957670611578,55.985716800621596,50.90811977828464,3.802303750558329,nan,nan,nan,nan
511.47164428881706,1733.1905588634959,131.02808329675725,56.35327546758194,50.963707708685625,3.7603535916062465,nan,nan,nan,nan
510.57549060789177,1733.5742084825426,130.74063935052806,54.765233892961255,51.03587235978845,3.761504960490542,nan,nan,nan,nan
510.0599007674101,1733.8335753869335,130.05337490175071,54.210463438565554,50.43612617897818,3.9356978808818464,nan,nan,nan,nan
510.0365901061396,1733.7916894889386,129.64698802813842,54.494014212240884,50.48430388594527,3.7244360410585218,nan,nan,nan,nan
510.29270509046063,1733.61510998284,129.11843985485265,55.33630665363459,51.07552840970353,3.9824331794305237,nan,nan,nan,nan
509.52696058260807,1733.9276566304281,129.2387739288198,55.22943195826657,50.551605855892696,4.284768267729129,nan,nan,nan,nan
509.91472401887086,1733.547978715025,129.16104930681283,55.5490417002516,51.06695186442677,3.770349391629914,nan,nan,nan,nan
510.24468386783616,1733.56249630903,129.46151184556336,55.595319459546275,50.151455963333994,3.988790079508049,nan,nan,nan,nan
nan,nan,nan,nan,nan,nan,nan,nan,nan,nan
nan,nan,nan,nan,nan,nan,nan,nan,nan,nan
nan,nan,nan,nan,nan,nan,nan,nan,nan,nan
nan,nan,nan,nan,nan,nan,nan,nan,nan,nan
nan,nan,nan,nan,nan,nan,nan,nan,nan,nan
nan,nan,nan,nan,nan,nan,nan,nan,nan,nan
nan,nan,nan,nan,nan,nan,nan,nan,nan,nan
nan,nan,nan,nan,nan,nan,nan,nan,nan,nan
nan,nan,nan,nan,nan,nan,nan,nan,nan,nan
nan,nan,nan,nan,nan,nan,nan,nan,nan,nan
nan,nan,nan,nan,nan,nan,nan,nan,nan,nan
nan,nan,nan,nan,nan,nan,nan,nan,nan,nan
nan,nan,nan,nan,nan,nan,nan,nan,nan,nan
nan,nan,nan,nan,nan,nan,nan,nan,nan,nan
nan,nan,nan,nan,nan,nan,nan,nan,nan,nan
nan,nan,nan,nan,nan,nan,nan,nan,nan,nan
nan,nan,nan,nan,nan,nan,nan,nan,nan,nan
nan,nan,nan,nan,nan,nan,nan,nan,nan,nan
nan,nan,nan,nan,nan,nan,nan,nan,nan,nan
nan,nan,nan,nan,nan,nan,nan,nan,nan,nan
nan,nan,nan,nan,nan,nan,nan,nan,nan,nan
nan,nan,nan,nan,nan,nan,nan,nan,nan,nan
nan,nan,nan,nan,nan,nan,nan,nan,nan,nan
nan,nan,nan,nan,nan,nan,nan,nan,nan,nan
nan,nan,nan,nan,nan,nan,nan,nan,nan,nan
nan,nan,nan,nan,nan,nan,nan,nan,nan,nan
nan,nan,nan,nan,nan,nan,nan,nan,nan,nan
nan,nan,nan,nan,nan,nan,nan,nan,nan,nan
nan,nan,nan,nan,nan,nan,nan,nan,nan,nan
nan,nan,nan,nan,nan,nan,nan,nan,nan,nan
nan,nan,nan,nan,nan,nan,nan,nan,nan,nan
nan,nan,nan,nan,nan,nan,nan,nan,nan,nan
nan,nan,nan,nan,nan,nan,nan,nan,nan,nan
nan,nan,nan,nan,nan,nan,nan,nan,nan,nan
nan,nan,nan,nan,nan,nan,nan,nan,nan,nan
nan,nan,nan,nan,nan,nan,nan,nan,nan,nan
nan,nan,nan,nan,nan,nan,nan,nan,nan,nan
nan,nan,nan,nan,nan,nan,nan,nan,nan,nan
nan,nan,nan,nan,nan,nan,nan,nan,nan,nan
nan,nan,nan,nan,nan,nan,nan,nan,nan,nan
nan,nan,nan,nan,nan,nan,nan,nan,nan,nan
nan,nan,nan,nan,nan,nan,nan,nan,nan,nan
nan,nan,nan,nan,nan,nan,nan,nan,nan,nan
nan,nan,nan,nan,nan,nan,nan,nan,nan,nan
nan,nan,nan,nan,nan,nan,nan,nan,nan,nan
nan,nan,nan,nan,nan,nan,nan,nan,nan,nan
nan,nan,nan,nan,nan,nan,nan,nan,nan,nan
nan,nan,nan,nan,nan,nan,nan,nan,nan,nan
nan,nan,nan,nan,nan,nan,nan,nan,nan,nan
nan,nan,nan,nan,nan,nan,nan,nan,nan,nan
nan,nan,nan,nan,nan,nan,nan,nan,nan,nan
nan,nan,nan,nan,nan,nan,nan,nan,nan,nan
nan,nan,nan,nan,nan,nan,nan,nan,nan,nan
nan,nan,nan,nan,nan,nan,nan,nan,nan,nan
nan,nan,nan,nan,nan,nan,nan,nan,nan,nan
nan,nan,nan,nan,nan,nan,nan,nan,nan,nan
nan,nan,nan,nan,nan,nan,nan,nan,nan,nan
nan,nan,nan,nan,nan,nan,nan,nan,nan,nan
nan,nan,nan,nan,nan,nan,nan,nan,nan,nan
nan,nan,nan,nan,nan,nan,nan,nan,nan,nan
nan,nan,nan,nan,nan,nan,nan,nan,nan,nan
nan,nan,nan,nan,nan,nan,nan,nan,nan,nan
nan,nan,nan,nan,nan,nan,nan,nan,nan,nan
nan,nan,nan,nan,nan,nan,nan,nan,nan,nan
nan,nan,nan,nan,nan,nan,nan,nan,nan,nan
nan,nan,nan,nan,nan,nan,nan,nan,nan,nan
nan,nan,nan,nan,nan,nan,nan,nan,nan,nan
nan,nan,nan,nan,nan,nan,nan,nan,nan,nan
nan,nan,nan,nan,nan,nan,nan,nan,nan,nan
nan,nan,nan,nan,nan,nan,nan,nan,nan,nan
nan,nan,nan,nan,nan,nan,nan,nan,nan,nan
nan,nan,nan,nan,nan,nan,nan,nan,nan,nan
nan,nan,nan,nan,nan,nan,nan,nan,nan,nan
nan,nan,nan,nan,nan,nan,nan,nan,nan,nan
nan,nan,nan,nan,nan,nan,nan,nan,nan,nan
nan,nan,nan,nan,nan,nan,nan,nan,nan,nan
nan,nan,nan,nan,nan,nan,nan,nan,nan,nan
nan,nan,nan,nan,nan,nan,nan,nan,nan,nan
nan,nan,nan,nan,nan,nan,nan,nan,nan,nan
nan,nan,nan,nan,nan,nan,nan,nan,nan,nan
nan,nan,nan,nan,nan,nan,nan,nan,nan,nan
nan,nan,nan,nan,nan,nan,nan,nan,nan,nan
