year,T,d_T,CO2,d_CO2,Td,Hgla,Hgis,Hais_smb,Hais,Co_1,Co_2,Co_3,Co_4,Co_5,Cd,Cv,Cs1,Cs2,Cs3,a,Cth_1,Cth_2,Cth_3,ERFx,Eco2
1750,0.0,0.0,278.82336,0.0,0.0,0.0,0.0,0.0,0.0,0.0,0.0,0.0,0.0,0.0,0.0,405.09824,76.81758,350.73383,599.8202,0.0,0.0,0.0,0.0,0.0,0.0
1751,-0.001104223,-0.00045792438,278.34338,0.07633157,-5.976962e-06,0.39801946,0.3497516,0.00043750432,0.0675474,-0.030344576,-0.0039158547,-0.002466367,-0.0013145796,-0.0009993366,-0.013491016,405.01785,76.816345,350.73386,599.8202,-2.2536426e-06,-6.068501e-05,-0.00014370418,-0.0010275099,0.003103718,0.03712707
1752,-0.00045785375,9.536999e-05,278.4167,0.07284834,-8.42289e-06,0.7943916,0.6990311,0.0006189106,0.13517712,-0.029339762,-0.005287126,-0.0034397375,-0.0018505563,-0.001409845,-0.03946785,404.9582,76.810616,350.73288,599.8202,-3.1639045e-06,-8.1974424e-05,-0.0002011766,-0.0014422339,0.0075748097,0.062852465
1753,-0.0009134831,-0.00059340906,278.48907,0.07235727,-1.3321819e-05,1.1883742,1.0474063,0.0009808418,0.20269373,-0.022737263,-0.005792641,-0.0039054942,-0.002122878,-0.0016212055,-0.06219073,404.91724,76.805824,350.73044,599.8202,-4.9942423e-06,-0.00012690965,-0.00031708984,-0.0022763321,-0.00037992693,0.08868882
1754,-0.0016446719,-0.00022448787,278.5614,0.076632224,-2.2152026e-05,1.5797923,1.3947707,0.0016324775,0.27004835,-0.015436775,-0.005796739,-0.004068136,-0.0022369786,-0.0017129532,-0.07895376,404.89307,76.80278,350.727,599.8202,-8.29742e-06,-0.00020912151,-0.00052645925,-0.003781708,-0.0002023099,0.12195066
1755,-0.0013624589,0.001020951,278.6423,0.068271466,-2.9406867e-05,1.9693495,1.7415248,0.0021722976,0.33742094,-0.008563359,-0.005435753,-0.0039989813,-0.0022287075,-0.0017119652,-0.08962001,404.88495,76.800255,350.72293,599.8202,-1.09895855e-05,-0.00027051635,-0.0006960359,-0.0050080717,0.009074512,0.1263237
1756,0.0003972299,0.0002481523,278.69794,0.066438794,-2.709756e-05,2.3580608,2.0882509,0.002014911,0.4050741,-0.0047698785,-0.0050993823,-0.0039329794,-0.002221631,-0.0017118828,-0.095710665,404.8866,76.797134,350.7183,599.8202,4.6699256e-07,5.217141e-05,3.7230813e-05,0.00021677965,0.0052511278,0.13321777
1757,-0.00086615427,-0.00015860722,278.7752,0.07076572,-3.163922e-05,2.7438734,2.4337602,0.0023580901,0.47247013,0.0017943456,-0.004208243,-0.0035058379,-0.0020215604,-0.0015650797,-0.09727966,404.90137,76.797844,350.71353,599.8202,-1.3054184e-06,1.6755639e-06,-7.5935306e-05,-0.000591383,-0.0021229894,0.16571203
1758,8.001542e-05,0.0012433471,278.8395,0.064709105,-3.1034855e-05,3.1283057,2.778924,0.0023263872,0.54000235,0.006121996,-0.0032837726,-0.0030304915,-0.0017927552,-0.0013959717,-0.094126165,404.9251,76.798164,350.7092,599.8202,8.8186124e-07,6.0451508e-05,6.38331e-05,0.00040603636,0.010099298,0.16493258
1759,0.0016205399,4.8348546e-05,278.90463,0.07291334,-2.2095177e-05,3.5117683,3.123977,0.0016843129,0.6077766,0.0095295925,-0.0022868097,-0.0024815602,-0.0015213223,-0.0011939233,-0.08758891,404.95682,76.79826,350.70517,599.8202,4.1609263e-05,0.0011533009,0.0026604657,0.01897483,0.002176587,0.1931749
1760,0.00017671278,0.00027953504,278.98532,0.08076456,-2.1019065e-05,3.8922381,3.4677458,0.0016142976,0.67526084,0.015676621,-0.0008025495,-0.001596076,-0.0010665715,-0.00085187826,-0.0768277,404.99908,76.80216,350.70187,599.8202,4.1527077e-05,0.001089851,0.002644658,0.018931922,-0.0003939857,0.23102476
1761,0.0021796098,-0.00017516204,279.06616,0.072527096,-9.1074535e-06,4.2720723,3.8115885,0.00075071404,0.74307,0.019630065,0.0006595556,-0.0006816577,-0.00059011445,-0.00049226254,-0.06164037,405.0498,76.804214,350.69965,599.8202,9.100556e-05,0.0023635142,0.0057890248,0.041485295,-0.0015943267,0.22431856
1762,-0.0001736114,-0.0018775158,279.13037,0.07091967,-9.997884e-06,4.6483154,4.153792,0.00081950065,0.8104264,0.024954652,0.002434737,0.00047169544,2.019731e-05,-2.976408e-05,-0.042332582,405.10657,76.81093,350.69873,599.8202,8.9682726e-05,0.0022024112,0.0056816824,0.040870283,-0.021583974,0.23724172
1763,-0.0015754215,0.00066563475,279.208,0.073467866,-1.8471243e-05,5.021633,4.494734,0.0014436987,0.87749994,0.030482186,0.004431561,0.0018145717,0.00073969207,0.00051717786,-0.018219268,405.1707,76.81866,350.6999,599.8201,8.551322e-05,0.0019732565,0.005393258,0.038957562,-0.00500898,0.25809512
1764,0.0011576583,0.0012501806,279.2773,0.07168901,-1.2105064e-05,5.394848,4.836042,0.0009850226,0.94503003,0.032445908,0.0061617475,0.003044954,0.0014087174,0.0010274563,0.009216044,405.23877,76.82261,350.70267,599.8201,0.00010345012,0.0023511727,0.006515534,0.047124397,0.0040386,0.25736916
1765,0.00092493964,-0.00086392957,279.35138,0.07457511,-7.0330084e-06,5.7659464,5.1765504,0.0006185522,1.012486,0.03611746,0.008117273,0.0044644647,0.0021872572,0.0016225785,0.039229263,405.31204,76.82887,350.70667,599.8201,0.00011316252,0.0024876867,0.0071089375,0.05153908,-0.015208084,0.27588516
1766,-0.0005702008,0.0005835205,279.42648,0.07267034,-1.0081335e-05,6.134084,5.5157638,0.00084447156,1.0796417,0.040852558,0.010299156,0.0060792807,0.0030799012,0.002306291,0.073022254,405.39047,76.83767,350.7125,599.8201,0.000110794426,0.0022918608,0.006929706,0.05044462,-0.0077797165,0.2856613
1767,0.002091981,0.00017867736,279.4967,0.07161056,1.296753e-06,6.5020957,5.8553195,1.56075e-05,1.1472422,0.042417057,0.012207991,0.007580386,0.00392329,0.002954678,0.10964523,405.47153,76.84308,350.72003,599.8201,0.00014896,0.003197213,0.009335702,0.06783105,-0.0070249536,0.2851874
1768,-0.00021284616,-0.0012721583,279.5697,0.07367969,1.376356e-07,6.866614,6.1932645,9.99393e-05,1.2143967,0.04702041,0.014479826,0.0093598785,0.004925611,0.0037258936,0.14910994,405.5568,76.85304,350.72922,599.8201,0.00014694004,0.002973078,0.0091698235,0.06689065,-0.025013823,0.30453837
1769,-0.0004523359,0.0007947064,279.6441,0.073799096,-2.3115228e-06,7.229058,6.530413,0.00027915937,1.2814758,0.05061099,0.016743893,0.011193557,0.0059692743,0.004530918,0.1922593,405.64548,76.86258,350.74057,599.8201,0.00014445266,0.0027482673,0.0089748,0.065737404,-0.009928091,0.31300354
1770,0.0013765666,0.0005717564,279.71725,0.072000705,5.1520983e-06,7.5908394,6.867581,-0.00026625025,1.3488512,0.05242715,0.01884412,0.012982012,0.0070016566,0.0053298473,0.23788235,405.73636,76.86994,350.75363,599.8201,0.00016015954,0.0030249958,0.009940652,0.07287982,-0.009425447,0.31243923
1771,0.0006911768,-0.0019065192,279.78806,0.06661408,8.865427e-06,7.9502587,7.203779,-0.0005401015,1.4160708,0.0554952,0.021079242,0.014907902,0.008119778,0.0061964146,0.2857859,405.82956,76.87952,350.76828,599.8201,0.0001598655,0.002856435,0.009882414,0.07272488,-0.032519367,0.3099947
1772,-0.0024364714,0.0010132121,279.8505,0.06883235,-4.370744e-06,8.305675,7.5380497,0.00042525318,1.4826952,0.059793636,0.02351007,0.017012421,0.009346517,0.007148213,0.33704963,405.92413,76.892685,350.78516,599.8201,0.00015319178,0.0025251773,0.009417641,0.069661275,-0.016070126,0.32557476
1773,0.0027176007,0.0010733913,279.92575,0.073935576,1.0362801e-05,8.662715,7.8736525,-0.00065148773,1.5502156,0.05931363,0.02541963,0.018848574,0.0104448395,0.008005307,0.3900752,406.01968,76.89811,350.80374,599.8202,0.0002015536,0.003692505,0.012463881,0.09169098,-0.0065186177,0.3307831
1774,-0.0002896891,-0.0008952061,279.99838,0.07509236,8.738673e-06,9.015847,8.2073765,-0.00053670997,1.6171614,0.06356393,0.027792854,0.021021198,0.011735234,0.009011037,0.44494018,406.118,76.910034,350.82355,599.8202,0.00019881714,0.0034227856,0.012239891,0.090417065,-0.030181125,0.34820697
1775,0.0009271885,-0.00041151734,280.07593,0.0722528,1.3710078e-05,9.36795,8.540886,-0.00090407144,1.6842943,0.06585008,0.030008854,0.023151375,0.013018029,0.010014056,0.5027754,406.2184,76.919716,350.84518,599.8202,0.00019859316,0.0032349736,0.012176983,0.090289034,-0.025199171,0.34577438
1776,-0.0011127236,-0.00083992654,280.14288,0.070196494,7.612894e-06,9.716826,8.8729,-0.00046319907,1.7510266,0.06930974,0.03236943,0.025423924,0.014391411,0.011088996,0.56327444,406.31985,76.93236,350.86862,599.8202,0.00019420843,0.0029452029,0.011849043,0.088264026,-0.034129146,0.3501843
1777,-0.00075266475,-0.00023664838,280.2163,0.07256752,3.497647e-06,10.0641165,9.204368,-0.0001649857,1.8177917,0.07162876,0.034634374,0.027690742,0.015777394,0.012176784,0.62643003,406.4226,76.9435,350.89398,599.82025,0.00019060518,0.0026918382,0.011572231,0.0865959,-0.029822,0.35906783
1778,-0.0015860205,1.8288865e-05,280.288,0.073056094,-5.1061306e-06,10.409021,9.534819,0.0004634117,1.8843739,0.07442085,0.036952317,0.030041907,0.017223915,0.013313895,0.6919716,406.52655,76.95556,350.92105,599.82025,0.00018533961,0.0024071962,0.011190531,0.08417035,-0.030767886,0.36659235
1779,-0.0007160871,0.00040037459,280.36243,0.06759721,-8.954544e-06,10.752705,9.864925,0.00074713264,1.9510814,0.07622946,0.039159164,0.032374695,0.01867677,0.014459265,0.7596632,406.63153,76.96619,350.94968,599.82025,0.0001819055,0.0021869435,0.010927118,0.082580514,-0.027258677,0.35784802
1780,-0.0007852712,0.00035349425,280.4232,0.06880534,-1.3156607e-05,11.094539,10.19432,0.0010582651,2.017744,0.07761841,0.041278042,0.034699723,0.020141449,0.0156170875,0.82890147,406.73544,76.977394,350.97958,599.8203,0.00017836684,0.0019755699,0.010658087,0.080943465,-0.028926093,0.3622338
1781,-9.09838e-06,0.0012530871,280.50006,0.07470346,-1.31346405e-05,11.435103,10.523335,0.0010618699,2.084515,0.07940493,0.04339579,0.037068408,0.021645257,0.016808148,0.8996831,406.84085,76.98791,351.01074,599.8204,0.00017644979,0.0018190574,0.010493515,0.08004622,-0.0214055,0.37893188
1782,0.0017209026,0.0001579689,280.57263,0.074853554,-3.7486066e-06,11.77505,10.852348,0.00038003086,2.1515672,0.08030111,0.045369104,0.039389685,0.023139916,0.017995838,0.97177815,406.94653,76.99722,351.04282,599.8204,0.00019662941,0.002265502,0.011738522,0.0892238,-0.028255427,0.38004845
1783,0.0003068392,-0.0009857861,280.64975,0.07601304,-2.0674502e-06,12.112259,11.180121,0.00025845805,2.2183304,0.08352138,0.047570698,0.041893527,0.024747623,0.01927303,1.0458409,407.05417,77.00969,351.07593,599.82043,0.00019516273,0.0021057122,0.011598373,0.08852953,-0.041983496,0.39196315
1784,-0.0002506691,-0.0005396574,280.72467,0.07061403,-3.4130865e-06,12.447322,11.506995,0.00035777572,2.28496,0.08628313,0.04976083,0.044434633,0.02639215,0.020582043,1.1226519,407.16293,77.022415,351.11053,599.8205,0.00019257369,0.0019242032,0.011387221,0.08732373,-0.040863443,0.38573396
1785,-0.0007724755,0.000108952525,280.791,0.06901526,-7.575884e-06,12.780275,11.832986,0.00066383835,2.3514624,0.0883185,0.051879257,0.04697403,0.02805295,0.021907343,1.2016971,407.27127,77.03525,351.14664,599.82056,0.00018894752,0.0017244192,0.011110781,0.08564542,-0.037842356,0.38504824
1786,-3.2764256e-05,0.0005228432,280.86267,0.07500455,-7.712224e-06,13.111981,12.158589,0.0006768199,2.418067,0.08969035,0.05389678,0.049490623,0.029718718,0.02324038,1.2823743,407.3797,77.04675,351.184,599.8206,0.00018686953,0.0015769084,0.010934149,0.08467346,-0.034286067,0.39922374
1787,0.00027321113,-9.414349e-05,280.941,0.074692845,-6.191636e-06,13.442153,12.483638,0.00056857086,2.484695,0.091682844,0.055947304,0.052065235,0.031432327,0.024613759,1.364677,407.4895,77.058365,351.22226,599.8207,0.00018543802,0.0014546304,0.010799439,0.08399653,-0.04020702,0.40317392
1788,-0.00022105128,-7.922232e-05,281.01205,0.07125756,-7.354633e-06,13.770261,12.8078165,0.0006561536,2.5512004,0.09381306,0.058002118,0.054680064,0.033184644,0.026020644,1.4489279,407.5995,77.07096,351.2616,599.82074,0.00018301299,0.0013121031,0.010601916,0.0828668,-0.042425852,0.39995688
1789,0.00011476634,0.0005123891,281.0835,0.06879772,-6.693614e-06,14.096872,13.131454,0.000610682,2.617735,0.09538392,0.0599789,0.057282742,0.034947984,0.027440088,1.5349364,407.7095,77.08302,351.302,599.8208,0.0001812992,0.0011962878,0.010450527,0.082061686,-0.03822725,0.396679
1790,0.0008037267,-0.00042292266,281.14963,0.071077414,-2.3069535e-06,14.4222355,13.454692,0.00029223732,2.6843626,0.09626929,0.061834045,0.05984301,0.036706086,0.028859755,1.6221596,407.8185,77.0945,351.34323,599.8209,0.00018100966,0.0011249601,0.010390548,0.081906155,-0.045754954,0.40153754
1791,-0.00073107873,-0.0002730016,281.22565,0.07572183,-6.251665e-06,14.744857,13.776654,0.00058189814,2.7506778,0.09922595,0.063891605,0.062560976,0.03856526,0.03036045,1.7112262,407.92896,77.10826,351.38547,599.821,0.00017759098,0.000973188,0.010131297,0.080324,-0.049073223,0.41926014
1792,0.00025772356,-7.932812e-05,281.3011,0.073863946,-4.8228144e-06,15.066453,14.098336,0.00047978543,2.8171413,0.100660324,0.06579418,0.065216646,0.04040929,0.031854063,1.8023359,408.0398,77.12011,351.42874,599.8211,0.00017622673,0.0008847777,0.010004063,0.079678975,-0.04688876,0.41608435
1793,-0.00088973524,0.0008237393,281.37338,0.07061165,-9.612687e-06,15.385589,14.4189,0.00083230756,2.8833628,0.10310735,0.06779111,0.067962185,0.042318806,0.033401854,1.8952953,408.15112,77.13371,351.4729,599.82117,0.0001725352,0.0007384103,0.00972895,0.07797307,-0.043160394,0.41464266
1794,0.0019052023,-0.00024467285,281.44232,0.066071466,7.5186426e-07,15.704931,14.739897,7.744709e-05,2.950063,0.10274236,0.06944103,0.0705217,0.04414732,0.034892622,1.9892807,408.26117,77.14356,351.5177,599.8213,0.00019787591,0.001381153,0.011306077,0.08950433,-0.047551654,0.40000862
1795,-0.0013790806,0.00027008282,281.50555,0.070711836,-6.716922e-06,16.02039,15.058935,0.0006238528,3.0161295,0.1058078,0.071409695,0.07330427,0.046111543,0.036490917,2.084626,408.3709,77.158806,351.56323,599.8214,0.0001929552,0.0011753492,0.010947421,0.08723518,-0.05119004,0.4186658
1796,0.002445368,0.0006613232,281.58374,0.078126386,6.555776e-06,16.336765,15.378816,-0.00034502684,3.0828645,0.1054238,0.07298637,0.07587072,0.047978863,0.03802023,2.1812449,408.4807,77.16805,351.60947,599.82153,0.00022922743,0.0020890567,0.013216721,0.10374782,-0.04167103,0.42898437
1797,-5.643433e-05,-0.0015728276,281.66177,0.07243874,6.2148215e-06,16.649797,15.697048,-0.00032266698,3.1491082,0.10889824,0.074940555,0.07869427,0.04999997,0.03967091,2.279394,408.59247,77.18231,351.65613,599.82166,0.00022667237,0.0019093406,0.013001306,0.10255316,-0.06658066,0.42796272
1798,-0.00070028694,-0.0004098439,281.72864,0.071348965,2.390654e-06,16.960756,16.014366,-4.5206205e-05,3.2152014,0.11087037,0.076778546,0.08147412,0.052016262,0.04132274,2.3800364,408.70352,77.19629,351.7039,599.8218,0.00022283064,0.0017045389,0.0127047105,0.10077221,-0.059588935,0.42703727
1799,-0.0008761219,0.00039159408,281.8045,0.07067618,-2.3645778e-06,17.269964,16.330957,0.00030192218,3.2812302,0.1128316,0.07861372,0.084277995,0.054063488,0.043002896,2.482535,408.81534,77.20968,351.75256,599.8219,0.00021867077,0.0015020468,0.01238901,0.09884672,-0.05478272,0.42874694
1800,8.29013e-05,0.0012324462,281.86996,0.07014519,-1.9030488e-06,17.578196,16.647268,0.00026907583,3.3474028,0.11330637,0.08025513,0.08698512,0.056077383,0.0446626,2.5862224,408.92572,77.22162,351.80185,599.8221,0.00021651232,0.0013641731,0.012202169,0.09783428,-0.047151294,0.42558604
1801,0.0015887702,0.00041383476,281.94476,0.078280285,6.7069814e-06,17.885822,16.963512,-0.00036041104,3.41382,0.11381515,0.08182565,0.08966704,0.058095366,0.04633021,2.6904829,409.03625,77.23243,351.85132,599.8222,0.00022809661,0.001603467,0.012892328,0.10308789,-0.05222118,0.4429353
1802,0.00091057096,-0.00095801795,282.02652,0.07693133,1.1599435e-05,18.191378,17.278835,-0.0007211885,3.4800797,0.116309986,0.08358369,0.09248416,0.06020269,0.048070557,2.7962103,409.14868,77.24534,351.90103,599.8224,0.00022752714,0.0015029744,0.012804796,0.10279869,-0.06640746,0.4470926
1803,-0.00032726585,-9.8215816e-05,282.09863,0.0673577,9.765218e-06,18.494501,17.593016,-0.00059152243,3.5460792,0.11880812,0.08537581,0.09534475,0.06235135,0.049847346,2.9042463,409.26135,77.25967,351.95154,599.8226,0.00022443735,0.0013399828,0.012556924,0.1013605,-0.06321466,0.43116337
1804,0.0007141393,0.000109003144,282.16125,0.06664171,1.3577869e-05,18.796732,17.906954,-0.0008744717,3.6122382,0.11906902,0.08691078,0.098065995,0.06444415,0.051586796,3.0135982,409.37204,77.27191,352.0027,599.82275,0.000223506,0.0012437436,0.012447652,0.10090682,-0.06056936,0.4260662
1805,-0.00010925968,-0.00056666386,282.23193,0.072440244,1.2912972e-05,19.096825,18.219917,-0.0008311819,3.678213,0.12082388,0.0885577,0.10087282,0.06659996,0.05337914,3.123983,409.48282,77.28547,352.05432,599.82294,0.00022090386,0.0011076416,0.012232291,0.09969151,-0.06911879,0.44227582
1806,-0.00041918815,-1.5374497e-05,282.30612,0.07316153,1.05740855e-05,19.395136,18.532108,-0.0006650953,3.7440982,0.122657895,0.090212844,0.103702724,0.06878601,0.055199612,3.2360659,409.5941,77.298935,352.1066,599.8231,0.00021769723,0.00096249336,0.011979243,0.09820094,-0.06660836,0.44668856
1807,-0.00014000869,0.00044255095,282.37823,0.07434378,9.759008e-06,19.692068,18.84376,-0.00060962245,3.8100028,0.123934284,0.09179805,0.10650641,0.07097611,0.05702838,3.3496323,409.70526,77.311745,352.15936,599.8233,0.00021509433,0.00084130355,0.011765692,0.096986055,-0.063628085,0.4501482
1808,0.00046591365,0.00027675182,282.4548,0.0754337,1.2228092e-05,19.98785,19.155005,-0.0007942221,3.875987,0.12518159,0.09335384,0.10930713,0.07318244,0.05887471,3.4644325,409.81705,77.32399,352.2124,599.8235,0.00021375576,0.0007605846,0.011633602,0.09634796,-0.065192245,0.45416144
1809,0.00041349477,-7.230191e-05,282.5291,0.07437279,1.4400076e-05,20.282045,19.46558,-0.00095805293,3.941929,0.12672332,0.09492214,0.112130225,0.07541842,0.060748838,3.5805838,409.92914,77.33682,352.2657,599.8237,0.00021232446,0.0006816562,0.011496124,0.09566777,-0.06955835,0.45453984
1810,0.0003213097,-0.00022184846,282.60358,0.07249155,1.6061324e-05,20.574636,19.775476,-0.0010853591,4.0078216,0.128329,0.09648936,0.1149672,0.07767963,0.06264748,3.6982386,410.04153,77.349915,352.31937,599.8239,0.00021072014,0.0006022606,0.011348161,0.09490889,-0.072368845,0.4530207
1811,-3.0202062e-05,-0.000423417,282.6741,0.06639963,1.5810907e-05,20.865456,20.08459,-0.0010733927,4.073617,0.12984596,0.09803952,0.117807716,0.079960585,0.06456653,3.817384,410.15366,77.3634,352.37347,599.82416,0.00020841544,0.00050822465,0.01115613,0.093830906,-0.07605907,0.4419362
1812,-0.0005255242,-8.0534664e-05,282.7364,0.07179547,1.2880758e-05,21.154417,20.392868,-0.00086517475,4.139288,0.13089766,0.09951996,0.1206179,0.08224322,0.06649229,3.937775,410.26422,77.37713,352.4281,599.8244,0.0002051246,0.0003926311,0.010901987,0.09230362,-0.07541279,0.45330253
1813,-0.00019127125,0.0011981002,282.8177,0.07696444,1.1775719e-05,21.442087,20.700636,-0.0007893911,4.204989,0.1325372,0.10104426,0.123467095,0.08456421,0.06845266,4.059475,410.37622,77.39002,352.4831,599.82465,0.00020255092,0.0003024836,0.010694579,0.09110375,-0.065747954,0.46745136
1814,0.0018706761,0.00033666193,282.89032,0.07088389,2.1837615e-05,21.72963,21.008577,-0.001530572,4.27104,0.1325005,0.10235114,0.12619175,0.08683661,0.07038163,4.181985,410.48764,77.40076,352.5381,599.8249,0.00022307612,0.0008387899,0.011960819,0.10043571,-0.06999328,0.45155498
1815,0.00048205283,-0.00066126196,282.95944,0.068910286,2.4328678e-05,22.014732,21.315332,-0.0017215661,4.3368006,0.1343988,0.10382404,0.1290271,0.08918488,0.07237369,4.305455,410.5989,77.414566,352.59308,599.82513,0.00022168556,0.0007568049,0.011824639,0.09977293,-0.0823115,0.4522109
1816,0.00054815254,-5.660212e-05,283.0281,0.072587855,2.7164042e-05,22.298384,21.621475,-0.0019387497,4.402541,0.13553359,0.105215475,0.13182172,0.09152902,0.074368216,4.4303617,410.70956,77.42778,352.64853,599.82544,0.00022044472,0.000683204,0.011698545,0.0991786,-0.07849545,0.46015212
1817,0.00036884847,-0.0009841362,283.10458,0.0728857,2.901352e-05,22.580427,21.926914,-0.0020848913,4.468216,0.13721459,0.106655724,0.13465524,0.09391113,0.0763972,4.556626,410.82104,77.44108,352.70428,599.8257,0.00021885104,0.0006040122,0.011550455,0.09842356,-0.087909535,0.46387216
1818,-0.00142012,0.00050846627,283.1739,0.071685344,2.1169619e-05,22.859795,22.231014,-0.0015222253,4.5335255,0.13959342,0.108192734,0.13755909,0.09634819,0.078473635,4.684788,410.93253,77.45622,352.7606,599.826,0.00021362354,0.00043119222,0.011171267,0.09601198,-0.08057709,0.46579567
1819,0.0013857811,0.0005692084,283.248,0.07282373,2.8556016e-05,23.139574,22.535587,-0.0020712859,4.599325,0.13917136,0.10940882,0.14027272,0.09870175,0.08049241,4.8138976,411.04343,77.46689,352.81714,599.8263,0.00022047204,0.0005925968,0.011563558,0.09910691,-0.07575588,0.46303195
1820,-0.00028170366,-0.00017460121,283.31952,0.07291114,2.6876636e-05,23.41677,22.838871,-0.001959672,4.664782,0.14129499,0.1108533,0.143133,0.10115,0.08258878,4.943903,411.15472,77.48101,352.87366,599.82654,0.00021755017,0.00048245775,0.011331322,0.097746335,-0.08659348,0.4692656
1821,0.0010365791,0.00054142176,283.3938,0.067913115,3.2341977e-05,23.693394,23.142044,-0.0023703752,4.730452,0.14188921,0.11213214,0.14589798,0.10356493,0.08466566,5.075196,411.26596,77.49299,352.93036,599.8269,0.00021735004,0.00045144494,0.0112735415,0.097627066,-0.07941918,0.4571665
1822,0.00080114,0.00062307785,283.45535,0.07167108,3.650334e-05,23.968407,23.444494,-0.0026877949,4.796046,0.14251442,0.11336918,0.14864095,0.10598488,0.086752124,5.207143,411.37546,77.50592,352.9871,599.8272,0.00021667151,0.00040919936,0.01118549,0.097289726,-0.08037976,0.46475968
1823,0.002282735,-0.00031225404,283.5372,0.075148575,4.8661794e-05,24.24297,23.7469,-0.0035922376,4.8618836,0.14329764,0.11458523,0.15137368,0.108415954,0.088852815,5.3398247,411.48624,77.51724,353.04376,599.8275,0.00024572638,0.0011693831,0.012993648,0.11050887,-0.0865841,0.47308213
1824,0.00017663174,-0.00010243303,283.60562,0.07432149,4.9354472e-05,24.514683,24.04785,-0.003662221,4.9272957,0.14571068,0.11598076,0.15422183,0.11092496,0.09101855,5.474033,411.59705,77.53205,353.1006,599.8278,0.00024347132,0.0010465696,0.012798244,0.109449044,-0.090424456,0.4770231
1825,0.0020778687,0.00087950384,283.68582,0.072828054,6.0334456e-05,24.786242,24.34892,-0.0044854935,4.9930305,0.14631394,0.11719412,0.15696254,0.11339387,0.093159795,5.60965,411.7086,77.54362,353.15768,599.8282,0.00026384147,0.0015391703,0.014046235,0.11870506,-0.079993166,0.4722968
1826,0.0019356392,-0.0009767998,283.75128,0.06552927,7.048515e-05,25.056278,24.649311,-0.0052524135,5.0587063,0.14711188,0.11839145,0.15969528,0.115874924,0.09531615,5.7459984,411.819,77.55635,353.21463,599.82855,0.0002779468,0.0018370049,0.014889807,0.12510209,-0.09675997,0.4572276
1827,0.00012426912,-0.00083526404,283.81686,0.07160264,7.077627e-05,25.32369,24.948368,-0.00530165,5.12401,0.14910564,0.11971422,0.16250864,0.11841522,0.097523466,5.883691,411.9289,77.57128,353.27197,599.82886,0.00027524185,0.0016666297,0.014658185,0.123832956,-0.100506656,0.4739951
1828,0.00026511122,0.00031358885,283.8945,0.07363554,7.1828166e-05,25.589794,25.246857,-0.00540669,5.189308,0.15066674,0.1210131,0.16531204,0.12096698,0.09974556,6.0230403,412.0397,77.5848,353.3298,599.8292,0.0002728531,0.0015138116,0.014447643,0.12270836,-0.09222981,0.4800613
1829,0.0007514471,-2.9486328e-05,283.9641,0.07058596,7.5506825e-05,25.854828,25.544918,-0.005704421,5.2546654,0.15137954,0.122210994,0.16805616,0.12350381,0.10196239,6.1634874,412.14993,77.59748,353.3878,599.82965,0.00027148248,0.0013965119,0.014302852,0.12204828,-0.09535718,0.47287363
1830,0.00020613843,-0.000100851925,284.03568,0.07295459,7.621391e-05,26.118105,25.842146,-0.005786095,5.319887,0.15281114,0.12346781,0.17083885,0.1260774,0.10421321,6.304993,412.26028,77.611015,353.44586,599.83,0.00026901357,0.0012558794,0.01408861,0.120887645,-0.09838616,0.480459
1831,0.00054974295,-0.0011848243,284.11005,0.074665785,7.877704e-05,26.38023,26.138891,-0.006003909,5.3851414,0.1539006,0.124684185,0.17359912,0.12865545,0.106473565,6.4477077,412.37088,77.62386,353.5041,599.8304,0.00026727212,0.0011422959,0.013921602,0.12005901,-0.10797741,0.48495013
1832,-0.0021635096,-0.00034070195,284.18503,0.07302281,6.663994e-05,26.639172,26.433954,-0.005146704,5.4498534,0.15707028,0.12615582,0.17652208,0.1313364,0.1088183,6.592415,412.48276,77.63994,353.56277,599.8308,0.00026001222,0.00088619353,0.013403417,0.11671461,-0.107950486,0.4894368
1833,-0.0001316606,0.0011969705,284.25607,0.07004739,6.556658e-05,26.89811,26.729202,-0.005094539,5.514916,0.15693933,0.1272915,0.17924237,0.13392663,0.11110046,6.738523,412.59366,77.65184,353.62183,599.8312,0.0002569757,0.0007573787,0.013156561,0.11529673,-0.09250326,0.47797945
1834,0.00023043079,7.2492716e-05,284.3251,0.0695446,6.645895e-05,27.155931,27.023981,-0.005185838,5.5800138,0.15737519,0.12842181,0.1819588,0.13653062,0.11339926,6.884891,412.70392,77.66415,353.68066,599.8316,0.0002547108,0.00065617537,0.012959881,0.114231035,-0.102287464,0.4770399
1835,1.33245585e-05,0.000639145,284.3952,0.070837736,6.617135e-05,27.412254,27.318062,-0.0051911175,5.6450386,0.15839474,0.12958188,0.18469323,0.13915998,0.11572356,7.0320144,412.8139,77.6772,353.73944,599.83203,0.00025202672,0.0005490606,0.0127372565,0.11297454,-0.0993776,0.4812863
1836,0.0015087209,0.00028866745,284.46683,0.07415639,7.397961e-05,27.66823,27.612122,-0.005788888,5.7103133,0.15842387,0.13060011,0.18733846,0.14175758,0.11802999,7.1796956,412.9234,77.68857,353.79803,599.83246,0.00025692515,0.00065172295,0.012998982,0.1151755,-0.10055089,0.48610097
1837,0.00059065915,-0.0018500938,284.5435,0.073163874,7.6776305e-05,27.92225,27.905207,-0.006022913,5.7753816,0.16032763,0.13179843,0.19009322,0.14442873,0.12039853,7.32835,413.03397,77.70207,353.8565,599.8329,0.0002553958,0.0005759329,0.012849825,0.11444522,-0.12141506,0.48919025
1838,-0.0021914665,-0.00069392356,284.61313,0.069137104,6.4498716e-05,28.173086,28.196592,-0.0051546316,5.8398933,0.16330144,0.13316955,0.19295801,0.14717436,0.12283007,7.4792476,413.14493,77.71843,353.91556,599.8334,0.00024820524,0.00035174948,0.0123403175,0.11113404,-0.118863426,0.4869125
1839,-0.000797188,0.0011805834,284.68176,0.069854155,5.9834558e-05,28.423534,28.487919,-0.0048387777,5.904636,0.1634024,0.13425492,0.19564885,0.14984386,0.12521027,7.631561,413.25482,77.73107,353.9751,599.8338,0.00024393653,0.0002181323,0.012019121,0.10915595,-0.10189744,0.48404077
1840,0.00016970003,9.851202e-05,284.7528,0.074293956,6.042924e-05,28.673313,28.779022,-0.0049060145,5.969529,0.16355287,0.13528459,0.19830258,0.15250888,0.12759346,7.7840996,413.3643,77.74291,354.03442,599.8343,0.00024168644,0.00014596146,0.011827906,0.10809878,-0.11013752,0.49248698
1841,-0.00060016394,-0.00045573883,284.83038,0.078328215,5.6853565e-05,28.921268,29.069218,-0.0046682237,6.0342445,0.16536777,0.13647348,0.20105304,0.15524049,0.1300336,7.937624,413.4749,77.756424,354.09366,599.8347,0.000237889,3.595772e-05,0.011538792,0.10633644,-0.11769413,0.5058703
1842,-0.00074177765,-4.7441677e-05,284.90945,0.07608405,5.253072e-05,29.16783,29.358755,-0.004374324,6.098901,0.16705741,0.13767624,0.2038131,0.15799284,0.13249603,8.09278,413.58667,77.769875,354.153,599.8352,0.00023384305,-7.489816e-05,0.011234984,0.10446129,-0.11609174,0.5039002
1843,-0.0006950472,0.0003210677,284.9825,0.07440416,4.8484213e-05,29.413128,29.64771,-0.0040989392,6.1635337,0.16817275,0.13882679,0.20654158,0.16074398,0.13496412,8.24926,413.69836,77.78314,354.2125,599.8357,0.0002299355,-0.00017614292,0.010941205,0.10264978,-0.11432104,0.5010794
1844,-9.964233e-05,0.0013361602,285.05832,0.07298738,4.7682428e-05,29.657536,29.9363,-0.0040594595,6.2282476,0.16899088,0.13993114,0.20924078,0.16349491,0.13743861,8.40669,413.8103,77.79573,354.27197,599.8362,0.00022728468,-0.0002381706,0.010728721,0.10141177,-0.106175385,0.49850014
1845,0.0019772733,0.0013845689,285.1285,0.0705235,5.812696e-05,29.902042,30.225105,-0.0048428755,6.2933226,0.16839063,0.14083026,0.21180923,0.16619128,0.13987818,8.564309,413.92108,77.80641,354.3311,599.83673,0.00024724455,0.00031164382,0.011958778,0.110483035,-0.102861166,0.4892132
1846,0.002669495,-0.0017319655,285.1993,0.07047343,7.226183e-05,30.145725,30.513584,-0.0059005567,6.3584967,0.16864347,0.14174876,0.21438266,0.16890447,0.142337,8.721894,414.03134,77.81793,354.38965,599.8372,0.0002820301,0.0012312302,0.01412926,0.12631117,-0.12837797,0.48928836
1847,-0.001486658,-0.0013888614,285.26944,0.07200992,6.3823674e-05,30.385368,30.79983,-0.0053115273,6.422849,0.17235184,0.14307068,0.21720362,0.17176375,0.14491332,8.881347,414.1425,77.83515,354.4486,599.83777,0.0002759941,0.0010033535,0.013688281,0.12352299,-0.1353122,0.5029666
1848,-0.00010822773,0.00082582247,285.34338,0.06841035,6.289239e-05,30.62467,31.086023,-0.0052686464,6.487431,0.17288308,0.14411288,0.2198531,0.17454743,0.147439,9.042708,414.2534,77.84814,354.50824,599.83826,0.00027283537,0.00086502684,0.013432501,0.12204743,-0.11568327,0.4917754
1849,0.00016498714,-0.04571714,285.40628,0.06821193,6.344501e-05,30.862898,31.37173,-0.005334016,6.552033,0.17299713,0.14506653,0.22244377,0.17731437,0.1499586,9.204454,414.36255,77.860886,354.5678,599.8388,0.00027026804,0.00074996473,0.01321544,0.12084191,-0.49861157,0.4894105
1850,-0.09154251,0.032584406,285.4798,0.0989516,-0.00043240166,31.03854,31.620779,0.030936055,6.599157,0.23693515,0.15421066,0.23018801,0.18284236,0.15458374,9.394906,414.4993,77.977196,354.64075,599.83936,8.135123e-05,-0.004378684,0.0011175822,0.034674603,-0.04300188,0.75857574
1851,0.0653338,0.085172676,285.60416,0.13055874,-7.6420976e-05,31.317701,31.931,0.0050501414,6.676124,0.13976756,0.14564918,0.22700329,0.18259497,0.15483147,9.569135,414.59497,77.85029,354.71063,599.8399,0.0017219792,0.03999293,0.10572064,0.78267694,0.70569605,0.44066352
1852,0.07880284,-0.0051503647,285.74088,0.13209662,0.00035053838,31.604252,32.245876,-0.026172342,6.7556195,0.122539826,0.14236064,0.22686687,0.18394652,0.15629438,9.694817,414.69864,77.800735,354.75003,599.8405,0.0034885511,0.08533717,0.21792766,1.587881,-0.011761473,0.4955254
1853,0.055033073,-0.01926392,285.86838,0.11576247,0.0006465252,31.873638,32.550747,-0.047977004,6.8305426,0.14349025,0.14321873,0.22921759,0.18661857,0.15876439,9.822529,414.81897,77.81891,354.78174,599.84106,0.0044203484,0.1057988,0.27645978,2.0122533,-0.17872246,0.55367255
1854,0.040275004,-0.0063702953,285.97244,0.092672594,0.00086102705,32.131866,32.849182,-0.06393437,6.90261,0.16142823,0.14483926,0.2320413,0.18955474,0.16144153,9.967045,414.94775,77.85043,354.8184,599.8417,0.004856164,0.11183896,0.30313638,2.2103715,-0.10498082,0.54193807
1855,0.04229248,-0.027483033,286.0537,0.097877525,0.0010852881,32.390064,33.147793,-0.08069108,6.9750257,0.16494475,0.14552733,0.23429269,0.19220126,0.16390543,10.120724,415.07532,77.86806,354.85992,599.8422,0.0052857255,0.11738247,0.3293062,2.4055803,-0.27601504,0.5426909
1856,-0.01469106,-0.10169949,286.16818,0.12888208,0.0009998935,32.609165,33.423374,-0.07487033,7.0365043,0.20884883,0.1515922,0.2399203,0.19665882,0.1677524,10.29557,415.2248,77.94782,354.912,599.84283,0.005199501,0.10885561,0.32250598,2.3655813,-1.0036912,0.7451395
1857,-0.16110651,-0.008167188,286.3115,0.14886636,0.00012244051,32.728622,33.640774,-0.011038301,7.0699434,0.31978294,0.16846056,0.25249305,0.20485318,0.17445059,10.538631,415.42517,78.151245,354.9994,599.84344,0.00481783,0.09306387,0.29694813,2.1909192,-0.5352662,1.0969394
1858,-0.031025434,0.12080593,286.4659,0.15964788,-4.615737e-05,32.93508,33.908916,0.0012542906,7.128284,0.24631982,0.16683787,0.25386027,0.20715821,0.17669101,10.796144,415.59036,78.088455,355.10477,599.84406,0.0047033182,0.08508459,0.288478,2.1380875,0.786282,0.7587747
1859,0.080505356,-0.00902084,286.63074,0.17140073,0.00038985358,33.2142,34.220352,-0.030642748,7.2079496,0.16167438,0.15964319,0.25163844,0.20755608,0.17748728,10.985246,415.7313,77.95463,355.17645,599.84467,0.0061212196,0.11859598,0.37770942,2.7839239,-0.056563143,0.59103346
1860,-0.049067117,-0.09296028,286.80872,0.18552315,0.00012215183,33.406086,34.480194,-0.0112018585,7.2627444,0.24700992,0.16999064,0.26022977,0.21369798,0.18265134,11.176972,415.9246,78.067566,355.2377,599.8453,0.0059561483,0.10794539,0.3657057,2.7078767,-1.0128727,0.99769676
1861,-0.105415195,-0.08356326,287.0018,0.175012,-0.00044910298,33.559177,34.71733,0.03056471,7.3067193,0.3042552,0.18097244,0.26947555,0.22024387,0.18813695,11.430461,416.1453,78.18389,355.32758,599.84595,0.005678657,0.09491688,0.34660447,2.5806077,-1.0534091,1.0739152
1862,-0.21619365,0.047396477,287.15875,0.1601758,-0.0016168896,33.63598,34.910316,0.11622282,7.32947,0.3892929,0.19815083,0.28289604,0.22907498,0.19537526,11.74651,416.40085,78.36527,355.45312,599.8466,0.005181489,0.07679267,0.3136119,2.3532393,-0.2049634,1.252055
1863,-0.010622245,0.07007059,287.32214,0.15936096,-0.001665634,33.851257,35.18384,0.12043146,7.391645,0.2574628,0.19112799,0.2815144,0.23010555,0.19670445,12.040111,416.594,78.21329,355.57965,599.8473,0.0051046684,0.07065972,0.30747184,2.317542,0.39681864,0.72920865
1864,-0.07605247,0.02519677,287.47748,0.15880585,-0.0020682767,34.02177,35.43107,0.15056422,7.441248,0.28573617,0.19764861,0.28842464,0.23554237,0.20138608,12.291332,416.8111,78.252266,355.6797,599.84796,0.0048956615,0.06136258,0.29295105,2.2215998,-0.107464105,0.9635604
1865,0.039771296,0.070088424,287.63977,0.15986943,-0.0018418066,34.26835,35.723324,0.13480644,7.5130453,0.21240732,0.19225845,0.28797036,0.23709713,0.20312947,12.521951,416.9965,78.15067,355.76642,599.8487,0.005256259,0.06776751,0.31476554,2.385363,0.49387997,0.7058379
1866,0.06412438,0.022793723,287.79718,0.15962452,-0.0014847433,34.529655,36.02455,0.1093997,7.589481,0.19041546,0.18962042,0.2890533,0.23946345,0.2054937,12.712038,417.18008,78.10332,355.82584,599.8494,0.006186026,0.08911145,0.3727733,2.8085754,0.15173212,0.7173982
1867,0.08535875,-0.00084912794,287.95905,0.15294795,-0.001014675,34.803513,36.333508,0.0755797,7.6699595,0.17979833,0.18735163,0.29024974,0.24189271,0.20791149,12.88813,417.36368,78.076935,355.87076,599.85016,0.0075322357,0.12046726,0.45708808,3.4215271,-0.0026677612,0.69704187
1868,0.06242612,-0.006889053,288.1031,0.12669437,-0.00067128136,35.06088,36.632797,0.05084584,7.7459874,0.20086184,0.18870796,0.29362217,0.2454849,0.21121916,13.069151,417.55768,78.107254,355.91278,599.8509,0.008119802,0.12975672,0.49270144,3.6884174,-0.10193494,0.72236407
1869,0.07158064,-0.019487418,288.21243,0.1132052,-0.00028019462,35.32289,36.93507,0.022484863,7.8237405,0.20117442,0.1885095,0.2960105,0.24857065,0.21415037,13.259178,417.74576,78.12061,355.95862,599.8516,0.008862208,0.1426886,0.5380374,4.025822,-0.18916221,0.6689868
1870,0.023451282,-0.043554783,288.3295,0.12534583,-0.00015174037,35.551857,37.217785,0.013193227,7.892175,0.23844798,0.19311799,0.30137953,0.25325656,0.21830538,13.466063,417.94696,78.19305,356.01318,599.85236,0.008815788,0.13380931,0.5329252,4.0034957,-0.48710665,0.81053215
1871,-0.015528923,-0.002746379,288.4631,0.14760607,-0.00023497432,35.753845,37.484592,0.019345945,7.953054,0.27408496,0.19937156,0.3078729,0.25857377,0.2229514,13.704713,418.15976,78.276115,356.0864,599.85315,0.00869028,0.12335803,0.5228156,3.9451313,-0.23361705,0.9281869
1872,0.017958527,0.021915838,288.62473,0.17604053,-0.00013649615,35.97692,37.764008,0.012230594,8.020368,0.2594331,0.20078571,0.31145182,0.2623775,0.22645946,13.952053,418.36566,78.28178,356.16864,599.8539,0.008634459,0.11527005,0.5171682,3.918544,0.034084447,0.8993339
1873,0.02830275,-0.014571524,288.8152,0.18867607,1.7440412e-05,36.205647,38.046913,0.0010167572,8.089645,0.255894,0.20270465,0.31534633,0.26636925,0.23011957,14.191898,418.57697,78.287636,356.24738,599.8547,0.008600388,0.108180314,0.5129238,3.901877,-0.24820928,0.9308629
1874,-0.011184524,-0.029313393,289.00208,0.20940529,-4.3193817e-05,36.407085,38.313705,0.0054481793,8.151252,0.28853306,0.2089759,0.32199353,0.27185008,0.23492122,14.445089,418.80746,78.35045,356.3303,599.85547,0.008486029,0.09937627,0.50360143,3.8486226,-0.45305192,1.0862906
1875,-0.030324034,-0.02205162,289.234,0.2217569,-0.0002070986,36.594776,38.57242,0.017462868,8.2091255,0.31381857,0.21578301,0.32911077,0.27762228,0.23995738,14.723619,419.05615,78.410805,356.4256,599.85626,0.0083339,0.090050735,0.49191913,3.7781694,-0.43644986,1.1619381
1876,-0.055287756,0.16842136,289.44556,0.21974142,-0.00050524034,36.76488,38.820774,0.03936844,8.262142,0.33952475,0.2236742,0.33705723,0.2838807,0.24537687,15.024673,419.3196,78.47832,356.53308,599.8571,0.008132641,0.0799274,0.47716472,3.6853447,1.0737549,1.2143185
1877,0.30651867,0.22320233,289.67346,0.23077069,0.0011566252,37.17045,39.21121,-0.08207737,8.385235,0.09622235,0.19776039,0.32388294,0.27893108,0.24229081,15.227609,419.48218,78.10771,356.5959,599.8579,0.014887147,0.25668982,0.9057066,6.7637453,2.2545545,0.42313126
1878,0.3911169,-0.120417066,289.90714,0.22235177,0.0032674104,37.628414,39.634464,-0.23704185,8.524802,0.01900522,0.18094586,0.31566814,0.27652815,0.2411296,15.293713,419.63907,77.90105,356.5694,599.85876,0.02294396,0.45765337,1.4152851,10.43487,-0.40208873,0.41616127
1879,0.06568452,-0.17028973,290.1182,0.2229989,0.003605263,37.872993,39.928185,-0.2630667,8.601022,0.2541308,0.20111628,0.33023655,0.2862056,0.2491464,15.432186,419.91092,78.21223,356.55447,599.8596,0.022834184,0.42991656,1.4025502,10.381768,-1.4784225,1.2748754
1880,0.050537452,0.028549006,290.35312,0.25034696,0.0038592988,38.106354,40.21534,-0.28309017,8.67425,0.3090431,0.21026473,0.3383881,0.29255718,0.2546574,15.694067,420.19565,78.35148,356.60672,599.8604,0.022694504,0.4029817,1.3879864,10.3150625,0.11954897,1.2582141
1881,0.12278251,0.01834307,290.61887,0.268716,0.004503009,38.385693,40.53032,-0.33173785,8.76154,0.2753851,0.21055073,0.3411748,0.29610026,0.25804833,15.964244,420.4703,78.33591,356.6752,599.86127,0.022822442,0.38422605,1.3904208,10.370325,0.177341,1.1224965
1882,0.0872236,-0.05193679,290.89056,0.25546232,0.0049507604,38.64036,40.83065,-0.3662967,8.8418455,0.30565977,0.21714833,0.34790593,0.30175975,0.2630567,16.234179,420.76944,78.391235,356.74426,599.8621,0.02275821,0.36155728,1.3806539,10.337988,-0.47771364,1.2288939
1883,0.018908944,-0.09252913,291.1298,0.24010018,0.005026314,38.848892,41.103493,-0.37378863,8.908746,0.36456737,0.22877736,0.3579506,0.30922648,0.2694524,16.543571,421.09518,78.509026,356.83298,599.86304,0.022554591,0.33676898,1.3621547,10.242171,-0.95464027,1.3562018
1884,-0.097834684,-0.056337506,291.37076,0.2607361,0.0044695456,38.978832,41.32986,-0.33502555,8.952762,0.45829043,0.24756911,0.37279072,0.31931347,0.27785766,16.920212,421.45963,78.70529,356.95987,599.8639,0.022115747,0.3075853,1.328921,10.039239,-0.89885676,1.6375933
1885,-0.09376607,0.00871052,291.65128,0.28539106,0.0039378135,39.11082,41.55736,-0.29787448,8.997571,0.4715801,0.26018313,0.38422048,0.32768032,0.2849791,17.342978,421.82822,78.79372,357.12088,599.8648,0.021689802,0.28023425,1.2966316,9.842242,-0.3608311,1.6283146
1886,-0.08041364,-0.019771641,291.9415,0.29351425,0.0034812344,39.251053,41.78964,-0.26601377,9.044987,0.46668562,0.2704231,0.39445835,0.33548605,0.29169396,17.77001,422.19925,78.83636,357.2912,599.8657,0.021295425,0.25508747,1.2664591,9.65968,-0.5724362,1.6139592
1887,-0.13330935,0.05741507,292.23828,0.3222364,0.0027408113,39.35506,42.000618,-0.21319525,9.08204,0.5059389,0.2854496,0.4079435,0.34508842,0.29979324,18.213438,422.5935,78.93994,357.47086,599.86664,0.020798367,0.22868396,1.2299348,9.430398,-0.050751258,1.8097616
1888,0.034416497,0.12932566,292.586,0.33917785,0.0029122662,39.570026,42.27713,-0.22683142,9.151937,0.40036193,0.28306675,0.41082302,0.34912574,0.30368474,18.626787,422.94937,78.8126,357.63934,599.8676,0.020647332,0.21234994,1.2153676,9.358806,0.8749444,1.4701093
1889,0.12534195,-0.08714385,292.91666,0.33440506,0.0035749562,39.843254,42.588837,-0.27649316,9.239619,0.33125532,0.27947307,0.41280916,0.3527011,0.307235,18.965425,423.29147,78.6934,357.76187,599.86865,0.02110955,0.2130741,1.2398229,9.566758,-0.7247042,1.3600432
1890,-0.1398712,-0.07547516,293.25482,0.3459483,0.0027985077,39.93977,42.79557,-0.22107479,9.275226,0.5191679,0.30536082,0.43320036,0.3660942,0.31825742,19.359718,423.73093,78.98358,357.89563,599.8696,0.02060125,0.18853126,1.2026929,9.332381,-1.1741232,2.0771573
1891,-0.025608363,0.019614948,293.60855,0.34899268,0.0026447466,40.11211,43.046833,-0.2109285,9.333257,0.4731417,0.3101974,0.44098848,0.37290427,0.3243069,19.812908,424.14398,78.98198,358.0663,599.87067,0.020329764,0.17128666,1.1806419,9.205949,-0.16663884,1.7373875
1892,-0.10064131,-0.044913337,293.95282,0.32182062,0.0020856776,40.233612,43.268063,-0.17105338,9.376537,0.5259061,0.3248599,0.45503163,0.38309637,0.3329438,20.271261,424.58972,79.099205,358.24118,599.8717,0.019908926,0.15112567,1.1492598,9.011517,-0.8551083,1.8966397
1893,-0.11543504,0.0016359153,294.2522,0.30254364,0.0014495589,40.34456,43.483006,-0.12531686,9.416913,0.5460758,0.33742777,0.46809196,0.3928555,0.34127575,20.761595,425.0391,79.18888,358.43506,599.8728,0.01946268,0.13135228,1.1163985,8.805566,-0.50763226,1.863963
1894,-0.09736948,0.04042558,294.55786,0.29547375,0.0009146691,40.467045,43.704617,-0.08673808,9.460837,0.53833234,0.34676114,0.4793888,0.40175876,0.34898025,21.257763,425.48267,79.232185,358.6366,599.8739,0.019057687,0.11366848,1.0862699,8.618467,-0.15720601,1.7995344
1895,-0.034583885,0.103943214,294.84314,0.27750316,0.00072252174,40.630688,43.950462,-0.07303559,9.517077,0.49485084,0.35044247,0.48730436,0.40893134,0.3553904,21.731947,425.90402,79.20799,358.8294,599.87506,0.018784365,0.10033441,1.0645722,8.491406,0.4874287,1.6277825
1896,0.11051695,0.07442533,295.1129,0.27343738,0.0013168193,40.888638,44.252857,-0.11682353,9.601793,0.39016712,0.3434702,0.4885258,0.41258356,0.35914156,22.141415,426.27783,79.06426,358.98788,599.8762,0.019114036,0.10369403,1.0812187,8.639197,0.53495,1.3294988
1897,0.11426677,-0.090123214,295.39,0.28652027,0.0019281972,41.147655,44.556103,-0.16209719,9.687209,0.38162443,0.3433494,0.4937809,0.41838673,0.36453688,22.503574,426.65356,79.04061,359.11075,599.87744,0.019495796,0.10826351,1.101113,8.81069,-0.8146121,1.4441565
1898,-0.06972948,-0.031707928,295.68594,0.3148474,0.0015403271,41.284412,44.786358,-0.13446966,9.736357,0.5195452,0.3616906,0.5105757,0.4303692,0.37464362,22.924355,427.09155,79.27278,359.25238,599.87866,0.019146426,0.0932233,1.0745541,8.648929,-0.7142644,1.9609655
1899,0.05085092,0.10788217,296.0197,0.35418802,0.0018072365,41.499985,45.06355,-0.15461731,9.809237,0.46164593,0.3614902,0.5161165,0.43646112,0.38030058,23.377306,427.4974,79.242966,359.41785,599.8799,0.01904664,0.08551153,1.0638567,8.600916,0.6716285,1.7087898
1900,0.14603487,0.010271843,296.39432,0.351269,0.002587915,41.776375,45.37762,-0.2124778,9.90085,0.39863402,0.35730684,0.51905435,0.4411961,0.38494065,23.778112,427.8885,79.153694,359.55664,599.88116,0.02024682,0.11303787,1.1359607,9.145537,0.056170937,1.5579181
1901,0.07139461,-0.10415795,296.72226,0.31014666,0.0029603532,42.00277,45.66166,-0.24076506,9.977688,0.45439762,0.36512974,0.52935004,0.4498651,0.39258286,24.177963,428.31143,79.23972,359.68393,599.88245,0.020177476,0.10503996,1.1269279,9.111242,-1.0419396,1.7201693
1902,-0.062281024,-0.11111345,297.0146,0.30813003,0.0026072133,42.140026,45.89255,-0.2160887,10.028066,0.5631019,0.38252175,0.54580456,0.46187958,0.4027889,24.650368,428.77545,79.45372,359.84454,599.8837,0.019835958,0.090367,1.1007593,8.9529705,-1.3760738,2.005736
1903,-0.15083231,-0.07888798,297.3385,0.3062531,0.0017766726,42.217278,46.088108,-0.1563274,10.06093,0.64424074,0.4015164,0.56366676,0.47475,0.413674,25.205412,429.26715,79.66198,360.05548,599.8851,0.019319152,0.0718542,1.0636297,8.714892,-1.2966064,2.1391122
1904,-0.22005698,0.051952973,297.62714,0.3086496,0.0005759266,42.24704,46.25596,-0.0691386,10.080146,0.701681,0.42092782,0.5822318,0.48811078,0.42496237,25.8212,429.77216,79.84906,360.31,599.8864,0.018669073,0.050757516,1.0182271,8.416165,-0.3667509,2.2296824
1905,-0.04692636,0.12428209,297.9558,0.34909847,0.00031880525,42.39321,46.491653,-0.0505459,10.1336,0.586763,0.4201265,0.5885102,0.495043,0.43139544,26.410301,430.22012,79.749,360.56583,599.8878,0.01837479,0.04017386,0.9954755,8.279614,0.5742423,1.8747785
1906,0.028507188,-0.05042434,298.32532,0.39828166,0.00047138392,42.58831,46.756516,-0.061840735,10.201937,0.5241565,0.41953138,0.59479487,0.50201386,0.43787473,26.924,430.65353,79.66367,360.7789,599.8892,0.018237459,0.034325197,0.9827302,8.214607,-0.71398616,1.9000508
1907,-0.14777504,-0.10181765,298.75235,0.41692266,-0.0003310475,42.66531,46.951485,-0.0032907703,10.235389,0.65222776,0.44004786,0.61425877,0.5160442,0.44973752,27.469795,431.1607,79.87489,360.9921,599.8907,0.017743818,0.019277995,0.947522,7.9872913,-1.5018138,2.4280949
1908,-0.17512812,-0.029368374,299.15915,0.41185558,-0.0012771928,42.72341,47.13527,0.06609676,10.263458,0.6956785,0.45570368,0.6311293,0.5288176,0.46067792,28.089464,431.68436,80.01584,361.2434,599.89215,0.017200464,0.0036605531,0.9093071,7.7373886,-0.96867245,2.4249375
1909,-0.2065118,-0.0011799093,299.57608,0.4198398,-0.002388091,42.75985,47.30629,0.14791884,10.285367,0.7284447,0.47149962,0.6484178,0.5419217,0.47190005,28.74303,432.2255,80.14015,361.5172,599.8937,0.016600013,-0.012710997,0.86762774,7.4615417,-0.8073224,2.49694
1910,-0.17748794,0.0077424226,299.9988,0.43256128,-0.0033358752,42.81586,47.488407,0.21824135,10.313059,0.7165912,0.48241946,0.6629636,0.55367446,0.4821261,29.405985,432.76416,80.189964,361.80008,599.89526,0.0160641,-0.02651799,0.83019024,7.2151756,-0.6815025,2.44857
1911,-0.19102694,0.030733772,300.44122,0.48050776,-0.0043518133,42.862385,47.66481,0.29392818,10.338117,0.7303736,0.49529344,0.67892885,0.56627524,0.4930249,30.071222,433.3168,80.26492,362.0828,599.89685,0.015506743,-0.040215053,0.7915392,6.9591084,-0.52703345,2.607784
1912,-0.1160204,0.048193496,300.9598,0.5360002,-0.0049562557,42.95932,47.870396,0.33989662,10.378008,0.6903294,0.50118744,0.6907353,0.57676005,0.50234514,30.725094,433.86563,80.24552,362.35742,599.8985,0.015106174,-0.04894751,0.76296204,6.774551,-0.23946339,2.5879874
1913,-0.09463994,0.10289289,301.51318,0.5218319,-0.0054416973,43.07005,48.08397,0.37739393,10.422119,0.68487465,0.508887,0.70371884,0.58794403,0.51222205,31.360655,434.4329,80.25738,362.61334,599.9002,0.014753074,-0.055935558,0.7375024,6.6116753,0.24412937,2.5915525
1914,0.08976538,0.11712908,302.0035,0.5025354,-0.0049263583,43.301567,48.369617,0.34182796,10.502608,0.5661357,0.50111586,0.7070425,0.5940581,0.5182715,31.940895,434.95578,80.08798,362.83347,599.902,0.015085107,-0.043954212,0.7556622,6.7611117,0.72739434,2.1846871
1915,0.13961822,-0.091444306,302.51825,0.5250114,-0.0041439645,43.564205,48.674297,0.2865098,10.592911,0.5344837,0.4982763,0.71312624,0.6016554,0.5254634,32.457806,435.4846,80.01375,363.00308,599.90375,0.01664232,0.00034904503,0.8518161,7.4690695,-0.89415085,2.261924
1916,-0.09312322,-0.1670241,303.0535,0.52826226,-0.0046255933,43.672806,48.8868,0.3234062,10.637134,0.716947,0.5215212,0.7354355,0.6179319,0.5392716,33.04424,436.11035,80.30199,363.18774,599.9055,0.016275939,-0.009540379,0.8251651,7.2999434,-1.9976783,2.898811
1917,-0.19443,0.016973373,303.5748,0.47846025,-0.0056529706,43.71261,49.058952,0.40044132,10.661323,0.8259372,0.5443026,0.7579755,0.6344741,0.55332005,33.756584,436.7793,80.5623,363.43988,599.9073,0.015709512,-0.02433345,0.7859576,7.0397196,-0.7006091,2.9521973
1918,-0.05917647,0.098331876,304.01047,0.39365557,-0.0059426837,43.843014,49.28401,0.42388764,10.712288,0.7477038,0.5476849,0.7688016,0.6449171,0.562771,34.479946,437.39932,80.538635,363.715,599.9092,0.015421851,-0.030813115,0.764549,6.9065847,0.23573086,2.3922572
1919,0.0022337604,0.045899004,304.36212,0.38852987,-0.0058984263,44.013256,49.532745,0.4230026,10.775379,0.6945798,0.54960454,0.77866757,0.654912,0.5719065,35.14762,437.98624,80.505005,363.9649,599.9111,0.015262257,-0.0334734,0.75133383,6.8318405,-0.07610693,2.2794733
1920,0.032621536,0.04825704,304.7875,0.3862738,-0.0056899246,44.202522,49.79291,0.4100776,10.844454,0.6746213,0.5526428,0.7891559,0.66529506,0.58136106,35.784832,438.56418,80.502396,364.19348,599.913,0.015166475,-0.034257278,0.7422124,6.786193,-0.0024558262,2.2631726
1921,0.09874784,-0.013753,305.13464,0.33946753,-0.0051246216,44.43388,50.07855,0.37095273,10.926593,0.6303321,0.55118823,0.7967609,0.67420125,0.5897178,36.39416,439.11105,80.466156,364.40265,599.915,0.0156724,-0.018776918,0.77143204,7.014856,-0.38376302,2.0379145
1922,0.0051155384,-0.038005583,305.46643,0.3208001,-0.0050691934,44.602913,50.326767,0.3689259,10.990121,0.69739187,0.56170404,0.81172997,0.68707263,0.6011102,37.01588,439.67838,80.605606,364.61105,599.917,0.015516023,-0.021989139,0.7583919,6.9415445,-0.77939004,2.2514818
1923,0.022736665,0.0074608736,305.77625,0.32761708,-0.004918685,44.78261,50.581398,0.3599174,11.057113,0.69613653,0.5665707,0.8232971,0.698221,0.6112234,37.665356,440.22543,80.67216,364.83728,599.919,0.015397317,-0.024009626,0.7477895,6.88542,-0.3755428,2.181375
1924,0.020037288,0.024885027,306.12167,0.26049876,-0.004783603,44.959595,50.83444,0.35197842,11.123533,0.7024016,0.5720353,0.8352404,0.70963687,0.6215665,38.31767,440.76602,80.73819,365.0685,599.9211,0.015274354,-0.026037786,0.7369606,6.827372,-0.24400674,2.0463421
1925,0.07250671,0.091738895,306.29724,0.15659149,-0.0043652444,45.169888,51.107586,0.32325053,11.200349,0.6598949,0.57119685,0.84322816,0.7190134,0.6303865,38.95378,441.25812,80.73741,365.29578,599.92316,0.015260221,-0.02500535,0.7330669,6.8189282,0.40854004,1.6662513
1926,0.20351507,0.011126417,306.43488,0.17629766,-0.0032400254,45.46378,51.43177,0.24261579,11.303209,0.5549579,0.5598669,0.8444447,0.7248221,0.63651663,39.52491,441.6763,80.617836,365.49307,599.92535,0.018428054,0.061545096,0.93193936,8.261154,0.009621552,1.3923198
1927,0.09475955,-0.054385062,306.64987,0.179623,-0.002709571,45.685863,51.712433,0.20507109,11.384356,0.6227747,0.5655993,0.8559593,0.7361144,0.64682966,40.08345,442.1161,80.74002,365.6748,599.9275,0.018426098,0.05813075,0.92800474,8.257826,-0.754119,1.7114931
1928,0.09474493,-0.07732896,306.79413,0.15142483,-0.0021820674,45.906757,51.992508,0.16753219,11.465462,0.6284896,0.56682765,0.86466295,0.7459732,0.65607977,40.67282,442.53012,80.81233,365.87408,599.9297,0.018424133,0.05490267,0.92408556,8.254494,-0.945603,1.5864916
1929,-0.059898358,0.028324772,306.95273,0.13311142,-0.0024944753,46.025246,52.21119,0.19126453,11.515625,0.7359523,0.58149433,0.88173735,0.7603398,0.6687802,41.313553,442.97253,81.05142,366.1034,599.9319,0.018106114,0.043473218,0.90020317,8.107176,-0.39497897,1.8663747
1930,0.15139447,0.1375806,307.0603,0.15013742,-0.0016615018,46.280987,52.51253,0.13128051,11.608013,0.5887902,0.5684209,0.8816138,0.7656424,0.6746241,41.93239,443.3162,80.91107,366.33844,599.93414,0.019566705,0.080327414,0.9895837,8.77067,0.92998105,1.2960364
1931,0.21526282,0.0029137153,307.25296,0.22741944,-0.00048732926,46.57647,52.838432,0.045991197,11.713163,0.5253619,0.5585484,0.88301265,0.77174115,0.6810863,42.46163,443.6311,80.81715,366.5237,599.93646,0.0224697,0.15379609,1.1704714,10.091543,-0.050625294,1.3871179
1932,0.1572219,-0.100404516,307.51517,0.28127834,0.0003663226,46.833027,53.14077,-0.016301712,11.806648,0.5678588,0.5593755,0.89075035,0.78121316,0.6901276,42.983833,443.96942,80.88129,366.6906,599.9388,0.023505516,0.17308569,1.2316363,10.560769,-1.0227885,1.7000072
1933,0.014453793,-0.00026043993,307.81552,0.34526458,0.00044257558,46.995583,53.386303,-0.022028452,11.871411,0.6845351,0.5722125,0.9059552,0.7947033,0.70224607,43.576588,444.3613,81.09907,366.88568,599.9411,0.023284836,0.15791404,1.2126513,10.457114,-0.49604452,2.165391
1934,0.15670101,0.04629965,308.2057,0.40533575,0.0012883745,47.24957,53.687294,-0.08411498,11.964746,0.60783726,0.56589293,0.90932876,0.8019764,0.7096701,44.183064,444.72305,81.03089,367.0943,599.9435,0.024200205,0.17373773,1.2659616,10.871314,0.16849716,1.9212389
1935,0.1070531,-0.0012101941,308.6262,0.6029392,0.0018608602,47.470146,53.96811,-0.1265305,12.048047,0.64798445,0.5707046,0.919421,0.8128391,0.71984065,44.776295,445.12363,81.09769,367.28748,599.9459,0.024162117,0.16318814,1.2583383,10.850731,-0.33058387,2.5466363
1936,0.15428062,0.08815042,309.41156,0.7615008,0.002685881,47.720043,54.26694,-0.18765804,12.140837,0.6551802,0.57325435,0.92810535,0.8230055,0.7295076,45.38964,445.58096,81.0959,367.47867,599.94836,0.024900367,0.17396343,1.3001696,11.184062,0.48538032,2.882463
1937,0.28335395,0.06706724,310.1492,0.6307166,0.004205087,48.051426,54.616127,-0.29992574,12.259679,0.5960099,0.56744885,0.9314804,0.8303861,0.73708105,45.97924,446.05533,80.97663,367.6415,599.9508,0.028853267,0.27009916,1.5465562,12.982803,0.56093067,2.4223402
1938,0.2884151,-0.0106045585,310.673,0.53484684,0.0057434654,48.38426,54.96659,-0.41419876,12.379558,0.60689497,0.5676877,0.9383873,0.83965695,0.74610925,46.549503,446.55334,80.967545,367.77365,599.9533,0.03241707,0.35020474,1.7670593,14.603578,-0.07716461,2.3221452
1939,0.26214483,0.03599597,311.2189,0.5206934,0.00713132,48.698486,55.305927,-0.5180632,12.494116,0.6501919,0.57274336,0.9482234,0.8505209,0.75637066,47.1441,447.08557,81.03238,367.9046,599.9558,0.034835637,0.39508215,1.9136559,15.701737,0.24155314,2.4265654
1940,0.36040705,0.06667219,311.71442,0.47149092,0.009043539,49.073807,55.683533,-0.6608601,12.628677,0.6028438,0.5682137,0.9520502,0.8582332,0.76426196,47.73514,447.60077,80.97333,368.02963,599.9584,0.03947395,0.49627545,2.200882,17.811447,0.68335354,2.122586
1941,0.3954892,-0.018808715,312.1619,0.4003819,0.0111353,49.469475,56.07433,-0.8175569,12.770459,0.5887298,0.56555307,0.9568191,0.8664581,0.77256143,48.300335,448.11398,80.94875,368.1339,599.96094,0.044412497,0.5992207,2.5058692,20.057304,0.043040074,1.9652555
1942,0.32278964,-0.028381577,312.51517,0.2790338,0.012822229,49.816586,56.4354,-0.9454495,12.897436,0.65141726,0.57221276,0.9672797,0.87773347,0.78319967,48.888397,448.6466,81.06379,368.2432,599.9635,0.046818554,0.6288286,2.64829,21.147953,-0.1911688,1.9165388
1943,0.338726,0.07309186,312.71994,0.10876111,0.014586288,50.17198,56.80204,-1.0796561,13.027717,0.6476573,0.5734426,0.97439986,0.88728386,0.79255325,49.50077,449.1465,81.11794,368.37128,599.9661,0.049320456,0.6591024,2.796141,22.281923,0.6696762,1.4637009
1944,0.46897334,0.008042587,312.7327,-0.013716431,0.017045803,50.608536,57.2199,-1.2654681,13.18485,0.5412149,0.5610471,0.9728646,0.89225304,0.79844695,50.0631,449.5526,81.01217,368.4857,599.96875,0.054876775,0.76799524,3.1375608,24.80783,0.3979458,0.83358115
1945,0.35481122,-0.13228275,312.69254,-0.0199361,0.018874068,50.96988,57.59131,-1.4060479,13.318546,0.60057425,0.5648192,0.9810689,0.90238684,0.808279,50.608715,449.94644,81.143456,368.59372,599.9714,0.056735855,0.77262366,3.2422113,25.64752,-0.9881898,1.0901752
1946,0.20440787,-0.0632073,312.6928,0.042698592,0.01987833,51.233253,57.90238,-1.4870365,13.421165,0.7060947,0.5777618,0.9950576,0.9156436,0.8205092,51.226982,450.34686,81.39383,368.74948,599.974,0.05655276,0.7241034,3.2168355,25.556223,-0.72791946,1.481539
1947,0.22839661,-0.0036598777,312.77792,0.057545498,0.021007001,51.51056,58.222282,-1.5775294,13.528736,0.6919572,0.5804447,1.0028455,0.9256748,0.8303187,51.88266,450.70892,81.47478,368.9463,599.9766,0.05642145,0.67942446,3.1947706,25.488506,-0.19245033,1.3362386
1948,0.19708811,-0.019708093,312.8079,0.062900536,0.021960096,51.76635,58.529156,-1.6556178,13.62979,0.69951075,0.5849604,1.0117663,0.9363472,0.84063953,52.53637,451.0467,81.566216,369.15567,599.9794,0.056226518,0.635927,3.16887,25.391874,-0.38942093,1.3623569
1949,0.18898043,-0.045513038,312.90372,0.14061925,0.022864148,52.015583,58.832195,-1.7304938,13.7291355,0.697065,0.5883308,1.0199938,0.94669497,0.8507391,53.19247,451.36472,81.63217,369.37512,599.98206,0.056016844,0.59456766,3.1421716,25.28857,-0.62037164,1.4962426
1950,0.106062025,0.0325106,313.0891,0.1871583,0.023314483,52.210236,59.10194,-1.7725166,13.811179,0.7527671,0.598895,1.0327506,0.95949733,0.8627294,53.873383,451.70224,81.77995,369.61057,599.9848,0.055638053,0.5517887,3.105129,25.108383,-0.15181758,1.7670009
1951,0.25400162,0.10371151,313.27808,0.2566515,0.024563152,52.49863,59.42947,-1.8731546,13.924046,0.6476848,0.591137,1.0341585,0.966321,0.870205,54.529694,451.9828,81.67591,369.8412,599.9876,0.055569768,0.51836,3.087456,25.069479,0.7298444,1.5144913
1952,0.31348506,0.065354094,313.60245,0.35027575,0.026127035,52.823376,59.779877,-1.9973606,14.049349,0.5996624,0.5852185,1.0364096,0.973587,0.8780334,55.121033,452.26047,81.594925,370.02933,599.9905,0.056268867,0.5069352,3.1185446,25.380318,0.52890545,1.6645105
1953,0.3847098,-0.06936989,313.97858,0.36391488,0.028067978,53.191673,60.15787,-2.1497865,14.189614,0.5563432,0.5775135,1.0372713,0.98011,0.88531446,55.67278,452.53906,81.50604,370.18036,599.99335,0.05872004,0.54258007,3.260901,26.489702,-0.44094047,1.6106597
1954,0.17474526,-0.12701295,314.33026,0.32713592,0.028861918,53.42417,60.451916,-2.2190223,14.285809,0.7170145,0.5942732,1.053238,0.9946731,0.8987234,56.280033,452.90637,81.754616,370.3406,599.9962,0.058454327,0.50508416,3.230301,26.360552,-1.3485421,2.102379
1955,0.13068387,-0.057250153,314.63287,0.28833014,0.029413061,53.62718,60.72799,-2.2708006,14.372702,0.7724427,0.60557985,1.0661438,1.0076967,0.9109964,56.9791,453.29193,81.916374,370.55194,599.9991,0.058100354,0.46767533,3.1943803,26.191303,-0.87079424,2.0380387
1956,0.060244944,0.08623864,314.90695,0.28422764,0.029579949,53.78373,60.975777,-2.2946703,14.444716,0.82851833,0.6194556,1.0808918,1.0217743,0.9241016,57.727196,453.69824,82.08461,370.7979,600.002,0.057605203,0.4290637,3.1498847,25.957903,0.1597132,2.1442919
1957,0.30316114,0.13495542,315.20132,0.31980884,0.031060794,54.094936,61.31888,-2.4147859,14.567934,0.6576269,0.60622096,1.0788491,1.0269859,0.93050003,58.420776,454.0238,81.8754,371.02786,600.005,0.057770178,0.40857238,3.1466913,26.024967,1.0480623,1.6097215
1958,0.33015576,-0.0055827554,315.54657,0.39939684,0.03267974,54.42162,61.671978,-2.5455968,14.696882,0.6262938,0.60209584,1.0820811,1.0349778,0.9390251,59.030106,454.35474,81.80302,371.19943,600.00806,0.058610886,0.40722844,3.1864805,26.400026,-0.05873017,1.8499563
1959,0.29199567,-0.04668705,316.0001,0.62669104,0.034083374,54.722275,62.00921,-2.6612885,14.817771,0.66814893,0.6059281,1.0901161,1.045534,0.94951874,59.645786,454.72705,81.85303,371.35495,600.0111,0.05859021,0.3830958,3.171338,26.382338,-0.48297933,2.5136561
1960,0.23678169,0.010466524,316.79993,0.73249525,0.035180543,54.98617,62.323895,-2.7551038,14.926938,0.75048,0.61718774,1.1028445,1.0586292,0.9619676,60.316525,455.19073,81.96659,371.5236,600.01416,0.058454655,0.35762742,3.1491618,26.31241,-0.14030471,2.981678
1961,0.31292868,0.026104473,317.4651,0.70374286,0.036683943,55.29707,62.66807,-2.8790894,15.052307,0.7302088,0.61916107,1.1099422,1.0687923,0.97221863,61.01218,455.67365,81.94571,371.6968,600.0172,0.05876018,0.3450005,3.154892,26.443419,0.13065512,2.7907188
1962,0.28899062,0.0021330176,318.20743,0.66967285,0.038049635,55.591076,63.002045,-2.9935904,15.172589,0.7753617,0.62834203,1.1215445,1.0813878,0.98434293,61.720642,456.21707,82.005424,371.86346,600.0203,0.05873164,0.32427678,3.1393974,26.422134,-0.12862566,2.8984973
1963,0.31719473,-0.11503936,318.80444,0.63004214,0.039560597,55.901405,63.346508,-3.119266,15.298917,0.77965105,0.63424194,1.1312418,1.0930296,0.9957723,62.45009,456.77676,82.03011,372.03235,600.0235,0.05911096,0.31555068,3.1498573,26.586744,-1.0450405,2.7962883
1964,0.058911912,-0.08371134,319.4675,0.5712608,0.03966534,56.04509,63.58833,-3.1426077,15.369909,0.9895087,0.66671586,1.1577559,1.113685,1.0140817,63.278015,457.45438,82.394775,372.24286,600.0267,0.05860232,0.28480676,3.1046867,26.34708,-1.3245813,3.3488185
1965,0.14977205,0.07719659,319.94696,0.76523507,0.040261332,56.246376,63.86541,-3.201949,15.460347,0.9507328,0.6769575,1.1710701,1.1274691,1.0272161,64.17544,458.0965,82.45011,372.50632,600.02985,0.058286194,0.26048926,3.0716243,26.195045,0.17364499,3.4260738
1966,0.2133051,0.041904442,320.99796,0.8230939,0.041197985,56.487133,64.16697,-3.2864623,15.564398,0.93786764,0.6876924,1.1848804,1.1415923,1.0406412,65.05218,458.7951,82.44041,372.76053,600.0331,0.05810507,0.24088168,3.0470605,26.104458,-0.005142138,3.5521295
1967,0.23358093,-0.016064018,321.59314,0.7500274,0.04223932,56.7395,64.47591,-3.3790095,15.6727915,0.9327926,0.69802773,1.1986325,1.1557618,1.0541354,65.92231,459.49475,82.464165,373.0001,600.0364,0.05796802,0.22348745,3.025332,26.033943,-0.45081577,3.4068584
1968,0.18117706,0.04013295,322.49802,0.8758805,0.042991366,56.957138,64.76353,-3.4507937,15.769871,1.0009181,0.7169386,1.217967,1.1729842,1.0699843,66.82263,460.26193,82.58894,373.24466,600.0397,0.057723638,0.20439,2.9970539,25.914639,-0.11144124,3.9111392
1969,0.31384686,0.042752467,323.3449,1.1865281,0.044457458,57.25793,65.103,-3.575143,15.895578,0.936612,0.7213777,1.2285944,1.1856799,1.0824329,67.72226,461.01953,82.52204,373.48502,600.043,0.058148965,0.2039036,3.0110824,26.100391,0.16490573,4.3123293
1970,0.266682,-0.08184015,324.8711,1.0653671,0.04566032,57.527176,65.42309,-3.6808052,16.011095,1.0322694,0.74263406,1.2498262,1.2040837,1.0992513,68.640625,461.92072,82.617676,373.7116,600.04645,0.058080383,0.1903419,2.9937446,26.061014,-0.9805846,4.4512415
1971,0.15016654,-0.0057357675,325.47562,1.2729275,0.04622599,57.720818,65.69651,-3.7403026,16.101336,1.1363584,0.7691682,1.274855,1.2246394,1.1177492,69.647095,462.84686,82.85519,373.9709,600.04987,0.05777063,0.1714395,2.961548,25.91197,-0.602997,5.1490235
1972,0.25521046,0.12472865,327.41693,2.2454655,0.047357187,57.980286,66.010826,-3.8414197,16.214355,1.1560249,0.78906834,1.296317,1.2434477,1.1349674,70.7066,463.90207,82.8723,374.25443,600.05334,0.057682164,0.15924194,2.9431996,25.863613,0.6500159,7.201184
1973,0.39962387,-0.043274567,329.96658,1.6964488,0.049263943,58.329853,66.38183,-3.9997547,16.35882,1.172273,0.80841756,1.3178543,1.2624259,1.1523598,71.783165,465.13824,82.78046,374.51007,600.0569,0.060334723,0.22092472,3.0991173,27.064623,-0.4788388,6.123168
1974,0.16866134,-0.084017046,330.80984,0.4549187,0.04991022,58.53101,66.66055,-4.06658,16.452934,1.3586944,0.84963256,1.353573,1.2890942,1.1756437,72.95399,466.4327,83.12294,374.78015,600.0604,0.06003923,0.20064127,3.0673196,26.921732,-1.2977947,4.099752
1975,0.23158976,-0.0172216,330.8764,0.38565266,0.05089362,58.771122,66.96353,-4.158338,16.56077,1.2935982,0.8662865,1.3748139,1.308272,1.1932961,74.17247,467.57632,83.23985,375.10513,600.064,0.059877448,0.18487899,3.0439358,26.839697,-0.6230036,3.5431094
1976,0.13421814,0.10274615,331.58115,1.2496806,0.05134464,58.94795,67.22748,-4.211517,16.647268,1.3592591,0.8951661,1.4040692,1.3318504,1.2143399,75.39672,468.72437,83.47926,375.4602,600.0677,0.05951562,0.16492659,3.0082712,26.666716,0.15255284,5.6110845
1977,0.43708205,0.10105456,333.37576,1.7222203,0.05343257,59.315926,67.610916,-4.384693,16.800161,1.2090476,0.8979171,1.4174951,1.3471724,1.2291629,76.57972,469.88403,83.26232,375.80362,600.0715,0.06290107,0.24580964,3.210465,28.20151,0.7247006,6.0738306
1978,0.33632728,-0.0026363425,335.02557,1.6138481,0.054963827,59.61815,67.9534,-4.5179496,16.930984,1.3313382,0.92733234,1.4476317,1.371476,1.2508513,77.760155,471.17065,83.40642,376.10815,600.0752,0.06322697,0.2401441,3.2171283,28.34115,-0.35970655,6.397965
1979,0.4318094,0.088668786,336.60345,1.8815864,0.057003625,59.979107,68.33323,-4.689037,17.082909,1.3288025,0.9457021,1.4714459,1.3925961,1.270177,78.99052,472.49274,83.4242,376.41946,600.07904,0.06598737,0.29973793,3.3785532,29.590437,0.5579111,6.8674684
1980,0.5136648,0.06553975,338.78876,1.6981757,0.05947545,60.389908,68.7451,-4.8925557,17.253056,1.3589076,0.9670346,1.4974542,1.4150295,1.2905515,80.235504,473.92807,83.42359,376.7135,600.08295,0.07051956,0.40278256,3.651814,31.646873,0.4980099,6.5931487
1981,0.5628889,-0.06409102,339.99982,0.98419565,0.062200338,60.829666,69.17599,-5.115578,17.43432,1.3570725,0.9846065,1.5214939,1.4365716,1.310302,81.49336,475.34842,83.460594,376.99374,600.0869,0.07574399,0.5176305,3.9676843,34.018078,-0.48805502,5.050647
1982,0.3854828,-0.0022042613,340.7571,1.2211803,0.06395021,61.15471,69.534775,-5.2683105,17.576271,1.493518,1.018999,1.5564282,1.4640661,1.334629,82.81567,476.77515,83.791855,377.30695,600.0909,0.07573681,0.4866426,3.949528,34.003857,-0.35426825,5.975862
1983,0.5584804,-0.00028983355,342.4422,1.6173886,0.06662701,61.58741,69.96224,-5.489586,17.756954,1.4327275,1.0333933,1.5795095,1.4854605,1.3543837,84.1664,478.20395,83.77752,377.65332,600.095,0.08016,0.5748022,4.2129483,36.00897,-0.0149747785,6.4779577
1984,0.3849031,-0.0922822,343.99194,1.5090086,0.068349786,61.907944,70.31917,-5.6420884,17.89893,1.6043123,1.073691,1.6191101,1.5157992,1.3809896,85.574646,479.7365,84.09444,378.01736,600.09906,0.0801046,0.53912354,4.190627,35.972122,-1.1494887,6.8436675
1985,0.37391594,0.02625882,345.46017,1.4372934,0.070003755,62.219795,70.67098,-5.790238,18.0385,1.6654984,1.1069677,1.6551886,1.5445106,1.4064301,87.08266,481.29388,84.3152,378.44043,600.1032,0.0800267,0.5050648,4.1670322,35.92507,-0.22220153,6.727276
1986,0.4374208,0.10365485,346.86652,1.5823225,0.071992524,62.570007,71.04741,-5.963548,18.192442,1.6528225,1.132057,1.6868052,1.5710698,1.4303029,88.61158,482.83847,84.41361,378.8867,600.1074,0.08072492,0.49329838,4.192668,36.23166,0.5194751,6.924064
1987,0.5812257,0.0894322,348.62485,2.1402838,0.07474891,63.00926,71.480934,-6.1938357,18.379019,1.5943564,1.1488695,1.7136657,1.5952888,1.4524598,90.11013,484.38593,84.37175,379.31543,600.11176,0.08508848,0.57922405,4.451012,38.20875,0.66605675,7.92113
1988,0.61628515,-0.034646593,351.1471,2.0843446,0.07768015,63.46833,71.9278,-6.438014,18.573812,1.6615578,1.1776757,1.7483099,1.6238194,1.4779526,91.61891,486.0664,84.42802,379.71683,600.11615,0.08979836,0.6686298,4.729992,40.342926,-0.3226773,8.073269
1989,0.5119325,0.035395216,352.79352,1.415917,0.08003068,63.858707,72.33151,-6.640847,18.745117,1.7911292,1.2167047,1.7899472,1.6562928,1.506511,93.21754,487.8055,84.69728,380.13797,600.1206,0.09115548,0.6637739,4.7946053,40.94819,0.013280866,7.019626
1990,0.68707556,0.0681408,353.9789,1.2505586,0.083316505,64.35812,72.80553,-6.9130735,18.956663,1.6825498,1.2296488,1.8159626,1.6806996,1.5290138,94.81881,489.4404,84.67465,380.57492,600.1252,0.09692926,0.7753866,5.139275,43.56618,0.6179668,6.1870584
1991,0.6482141,-0.11079187,355.29465,1.0083938,0.08637419,64.82994,73.26265,-7.1699023,19.159676,1.7266526,1.255481,1.8501949,1.7096422,1.5550234,96.39975,491.07346,84.83281,381.00116,600.12976,0.10092166,0.83262646,5.3690047,45.371258,-0.9534642,5.871575
1992,0.46549186,-0.071133055,355.9957,0.7128709,0.08842629,65.183495,73.644936,-7.354335,19.320889,1.856313,1.2934213,1.8925023,1.7430999,1.5845346,98.06136,492.68173,85.22971,381.47986,600.13446,0.100815006,0.779072,5.337684,45.307674,-1.0120327,5.5899987
1993,0.505948,0.05377477,356.72037,1.1068856,0.09068626,65.5606,74.04268,-7.5547967,19.491585,1.8207334,1.3148692,1.9251819,1.7716898,1.6104245,99.75994,494.19067,85.41147,382.01953,600.13916,0.10079498,0.73055047,5.311739,45.283436,0.08346953,6.155316
1994,0.5730414,0.101042226,358.20947,1.6588191,0.09329716,65.97799,74.46667,-7.7818413,19.678019,1.7962569,1.3343763,1.9569422,1.7999884,1.6361613,101.43494,495.6925,85.49044,382.56586,600.14404,0.10230592,0.7251899,5.3830194,45.956905,0.58383155,7.237968
1995,0.7080325,0.0078026284,360.03802,1.7977295,0.09662461,66.47881,74.944855,-8.062371,19.896145,1.7430311,1.3474907,1.9849138,1.8264583,1.6605755,103.07688,497.20258,85.44967,383.08472,600.149,0.10716602,0.8080506,5.6664233,48.15647,0.06267187,7.3654203
1996,0.58864665,0.020292789,361.80493,1.4297894,0.099287845,66.900955,75.3733,-8.295599,20.086763,1.8804164,1.3816576,2.0262194,1.860202,1.690583,104.76473,498.80316,85.70468,383.59668,600.15405,0.10824866,0.7861144,5.7086086,48.633614,-0.106169164,7.061023
1997,0.74861807,0.15383953,362.8976,1.8650142,0.10280255,67.422516,75.866325,-8.592209,20.315214,1.7764674,1.3900266,2.051895,1.8858675,1.714529,106.45932,500.30292,85.685905,384.11682,600.1592,0.11339767,0.87211186,6.0084977,50.963745,1.297219,7.52205
1998,0.8963257,-0.041884314,365.53497,2.369964,0.10709775,68.036415,76.42,-8.947342,20.579025,1.7549341,1.4026691,2.0801826,1.9130734,1.7397078,108.10438,501.8961,85.599106,384.5876,600.1644,0.121773936,1.036185,6.511281,54.763607,-0.052171204,8.581899
1999,0.66484934,-0.116666034,367.63754,1.6463518,0.11011676,68.49812,76.87642,-9.210762,20.788673,2.0017176,1.4484226,2.129382,1.9515934,1.7735534,109.860176,503.64667,85.99335,385.0659,600.1697,0.12293816,1.0006102,6.5539775,55.275276,-1.1708571,7.8551736
2000,0.66299367,0.06835147,368.8277,1.3842902,0.11310938,68.95606,77.33113,-9.473447,20.998241,2.030066,1.4769475,2.1686642,1.9851336,1.8037039,111.72877,505.34756,86.236824,385.61362,600.17505,0.12390054,0.96195436,6.583618,55.694748,0.32524082,7.174237
2001,0.80155236,0.10509334,370.40613,1.7972194,0.1168358,69.49988,77.84205,-9.79103,21.2413,1.9522972,1.4914159,2.199546,2.0144348,1.8307118,113.57348,506.9961,86.24852,386.16934,600.18054,0.12838975,1.017699,6.8366103,57.72123,0.8830174,7.737313
2002,0.87318027,0.03520212,372.4221,2.2826865,0.12092976,70.08679,78.381874,-10.136993,21.50216,1.9468815,1.5099801,2.233078,2.045331,1.8590024,115.38713,508.67084,86.27751,386.69443,600.18616,0.13418283,1.1031591,7.170713,60.340992,0.42215484,8.783446
2003,0.8719565,-0.039058067,374.9715,2.1855364,0.12499493,70.669525,78.92006,-10.482471,21.763435,2.0349512,1.5393388,2.2735925,2.080149,1.8903483,117.24286,510.4541,86.41087,387.20792,600.19183,0.13918206,1.1615775,7.452518,62.597866,-0.23024619,8.847117
2004,0.7950642,0.027813237,376.79315,1.9224306,0.1286219,71.1994,79.42498,-10.797483,22.006752,2.1428354,1.5745482,2.3182666,2.1174304,1.9236501,119.18685,512.2789,86.67985,387.74728,600.1976,0.1414912,1.14576,7.5622573,63.627953,0.13347054,8.554256
2005,0.9275831,0.04526579,378.81635,2.0840647,0.13294654,71.81181,79.98449,-11.165002,22.282967,2.0957212,1.5934423,2.353277,2.1498337,1.9533317,121.15243,514.08344,86.71273,388.30246,600.2034,0.14700238,1.2136968,7.8740563,66.11664,0.5142026,8.633595
2006,0.88559574,-0.01634908,380.9613,1.9378353,0.13702048,72.39345,80.525085,-11.515883,22.549707,2.1812892,1.6258624,2.3969874,2.187084,1.9867759,123.143196,515.947,86.908875,388.8534,600.20935,0.15067752,1.2288322,8.067702,67.76759,-0.11110259,8.603821
2007,0.8948849,-0.048826624,382.69202,1.912288,0.14112267,72.97774,81.06848,-11.870446,22.819473,2.209753,1.6536978,2.4383428,2.2233448,2.0195563,125.183174,517.7971,87.086296,389.42642,600.21545,0.15411545,1.236365,8.245122,69.30973,-0.3868188,8.552733
2008,0.7879425,0.005548003,384.7859,1.7991245,0.14462379,73.48988,81.56598,-12.182637,23.063501,2.343049,1.6952127,2.4887307,2.264672,2.0562754,127.301025,519.71735,87.41598,390.03717,600.22156,0.1542736,1.1581464,8.213865,69.35675,-0.19003382,8.684071
2009,0.9059809,0.097739555,386.29025,1.8994942,0.14874488,74.07503,82.11189,-12.541595,23.33746,2.2691689,1.7145991,2.5259356,2.2992814,2.0879846,129.43715,521.5499,87.489555,390.6756,600.22784,0.15753259,1.165499,8.378992,70.81663,0.78302413,8.53334
2010,0.9834216,-0.02782106,388.58487,2.0871181,0.15326284,74.70715,82.68961,-12.931237,23.631575,2.2600603,1.7370269,2.5652146,2.3352172,2.1207857,131.54272,523.4031,87.540054,391.2914,600.2342,0.16241452,1.2139466,8.64573,73.0153,-0.12630805,8.916945
2011,0.85033876,-0.046173196,390.4645,1.9385269,0.15703599,75.249405,83.20978,-13.26815,23.89315,2.398454,1.7769306,2.6157496,2.3773887,2.1584134,133.71432,525.309,87.869545,391.91995,600.24066,0.16313098,1.150746,8.647275,73.31505,-0.5770624,9.030517
2012,0.89107525,0.038349602,392.46194,2.3685126,0.1610092,75.81476,83.74599,-13.621203,24.16569,2.410588,1.8057247,2.6599858,2.4165115,2.193823,135.94759,527.20685,88.04776,392.58902,600.24725,0.16483115,1.1172539,8.710994,74.06287,0.16942966,9.851423
2013,0.92703795,0.048832126,395.20154,2.3325968,0.16515559,76.40011,84.296295,-13.988504,24.448112,2.4577174,1.8380325,2.7068348,2.4572945,2.2305884,138.21109,529.17535,88.19068,393.2643,600.25397,0.16726,1.1047696,8.820367,75.14235,0.28804883,9.879911
2014,0.9887395,0.111559495,397.12714,2.1090074,0.1696135,77.02216,84.87175,-14.380254,24.747116,2.4398503,1.8624834,2.7492123,2.4959767,2.265854,140.48639,531.1099,88.28926,393.93344,600.2608,0.17100425,1.1269704,9.012192,76.82063,0.89900506,9.2972145
2015,1.150157,0.13048844,399.41956,2.8594534,0.174921,77.74697,85.51611,-14.835958,25.08855,2.3604817,1.8762656,2.7851186,2.5314603,2.29878,142.71825,533.0118,88.23557,394.56796,600.2678,0.17853475,1.244995,9.442065,80.22311,1.3476454,10.617076
2016,1.2497163,0.00562937,402.846,2.7907662,0.18073869,78.53422,86.20343,-15.331107,25.4571,2.3929684,1.8993576,2.826858,2.5702617,2.3343134,144.9381,535.0218,88.223335,395.14825,600.2749,0.18771203,1.3956261,9.973016,84.3741,0.4740264,10.590824
2017,1.1614158,-0.08418744,405.0011,2.2695773,0.18604691,79.25756,86.85,-15.791272,25.8043,2.5107334,1.934137,2.8761835,2.6133537,2.3732016,147.23036,537.06946,88.483826,395.72382,600.2821,0.19334473,1.4429017,10.276449,86.90821,-0.47674593,9.82409
2018,1.0813414,0.02438738,407.3852,2.4215963,0.19089298,79.92359,87.46012,-16.219711,26.131918,2.6327605,1.9741155,2.9293213,2.6587758,2.4139636,149.62984,539.16925,88.814186,396.35284,600.28937,0.1961148,1.4126049,10.397036,88.13698,0.21649675,10.415291
2019,1.2101905,0.079933316,409.84427,2.520274,0.19641025,80.67125,88.12572,-16.6992,26.494669,2.5857162,1.9963281,2.9719188,2.6988995,2.4508054,152.05475,541.23895,88.87838,397.00742,600.2968,0.20193498,1.4622055,10.70927,90.75457,0.8980358,10.347005
2020,1.2412081,-0.059946362,412.42572,2.4293256,0.20206556,81.43526,88.8038,-17.190979,26.86718,2.6157734,2.024623,3.0185292,2.741414,2.4895606,154.47939,543.3302,89.001625,397.64642,600.3043,0.20781128,1.5086507,11.0227995,93.39638,-0.2263844,10.237356
2021,1.0902977,-0.24187432,414.7029,2.1250727,0.2068734,82.09437,89.413765,-17.622967,27.201025,2.77787,2.0703375,3.076468,2.7902467,2.533221,156.9983,545.4811,89.396416,398.3192,600.31195,0.20891723,1.4288994,11.033126,93.86381,-2.0616744,10.056463
